attack,fpr,mean_tpr,sample_std_tpr
compression_rate,0.0,0.0026041666666666665,0.004510548978043952
compression_rate,0.002,0.0026041666666666665,0.004510548978043952
compression_rate,0.004,0.0078125,0.0078125
compression_rate,0.006,0.0078125,0.0078125
compression_rate,0.008,0.01171875,0.0067658234670659265
compression_rate,0.01,0.01171875,0.0067658234670659265
compression_rate,0.012,0.014322916666666666,0.004510548978043951
compression_rate,0.014,0.014322916666666666,0.004510548978043951
compression_rate,0.016,0.032552083333333336,0.005966895436140417
compression_rate,0.018000000000000002,0.032552083333333336,0.005966895436140417
compression_rate,0.02,0.040364583333333336,0.011276372445109878
compression_rate,0.022,0.040364583333333336,0.011276372445109878
compression_rate,0.024,0.05078125,0.0078125
compression_rate,0.026000000000000002,0.05078125,0.0078125
compression_rate,0.028,0.057291666666666664,0.009830513587592123
compression_rate,0.03,0.057291666666666664,0.009830513587592123
compression_rate,0.032,0.0625,0.014084184669781208
compression_rate,0.034,0.0625,0.014084184669781208
compression_rate,0.036000000000000004,0.06510416666666667,0.011933790872280834
compression_rate,0.038,0.06510416666666667,0.011933790872280834
compression_rate,0.04,0.07421875,0.017026948998205758
compression_rate,0.042,0.07421875,0.017026948998205758
compression_rate,0.044,0.08463541666666667,0.011933790872280834
compression_rate,0.046,0.08463541666666667,0.011933790872280834
compression_rate,0.048,0.09375,0.010334966058846057
compression_rate,0.05,0.09375,0.010334966058846057
compression_rate,0.052000000000000005,0.10026041666666667,0.012556836928376244
compression_rate,0.054,0.10026041666666667,0.012556836928376244
compression_rate,0.056,0.10546875,0.010334966058846057
compression_rate,0.058,0.10546875,0.010334966058846057
compression_rate,0.06,0.109375,0.0067658234670659265
compression_rate,0.062,0.109375,0.0067658234670659265
compression_rate,0.064,0.1171875,0.013531646934131853
compression_rate,0.066,0.1171875,0.013531646934131853
compression_rate,0.068,0.1328125,0.02734375
compression_rate,0.07,0.1328125,0.02734375
compression_rate,0.07200000000000001,0.14322916666666666,0.03367843009473324
compression_rate,0.074,0.14322916666666666,0.03367843009473324
compression_rate,0.076,0.15625,0.04878904686248749
compression_rate,0.078,0.15625,0.04878904686248749
compression_rate,0.08,0.15625,0.04878904686248749
compression_rate,0.082,0.15625,0.04878904686248749
compression_rate,0.084,0.15755208333333334,0.04725324820735431
compression_rate,0.08600000000000001,0.15885416666666666,0.04946203102401713
compression_rate,0.088,0.15885416666666666,0.04946203102401713
compression_rate,0.09,0.16927083333333334,0.03951560131638937
compression_rate,0.092,0.16927083333333334,0.03951560131638937
compression_rate,0.094,0.17447916666666666,0.03544442080420885
compression_rate,0.096,0.17447916666666666,0.03544442080420885
compression_rate,0.098,0.17708333333333334,0.032759754232836266
compression_rate,0.1,0.17708333333333334,0.032759754232836266
compression_rate,0.10200000000000001,0.18489583333333334,0.029577647634376425
compression_rate,0.10400000000000001,0.18489583333333334,0.029577647634376425
compression_rate,0.106,0.1875,0.028168369339562415
compression_rate,0.108,0.1875,0.028168369339562415
compression_rate,0.11,0.19270833333333334,0.033222267766075717
compression_rate,0.112,0.19270833333333334,0.033222267766075717
compression_rate,0.114,0.19401041666666666,0.03544442080420886
compression_rate,0.116,0.19401041666666666,0.03544442080420886
compression_rate,0.11800000000000001,0.20182291666666666,0.033222267766075717
compression_rate,0.12,0.20182291666666666,0.033222267766075717
compression_rate,0.122,0.20442708333333334,0.037126503722352225
compression_rate,0.124,0.20442708333333334,0.037126503722352225
compression_rate,0.126,0.20703125,0.0390625
compression_rate,0.128,0.20703125,0.0390625
compression_rate,0.13,0.20833333333333334,0.037126503722352225
compression_rate,0.132,0.20833333333333334,0.037126503722352225
compression_rate,0.134,0.2109375,0.03515625
compression_rate,0.136,0.2109375,0.03515625
compression_rate,0.138,0.21484375,0.03515625
compression_rate,0.14,0.21484375,0.03515625
compression_rate,0.14200000000000002,0.21875,0.0333750146301466
compression_rate,0.14400000000000002,0.21875,0.0333750146301466
compression_rate,0.146,0.22005208333333334,0.03522851369392886
compression_rate,0.148,0.22005208333333334,0.03522851369392886
compression_rate,0.15,0.22395833333333334,0.039127550003428956
compression_rate,0.152,0.22395833333333334,0.039127550003428956
compression_rate,0.154,0.2265625,0.04115489747208101
compression_rate,0.156,0.2265625,0.04115489747208101
compression_rate,0.158,0.23307291666666666,0.0379395892821184
compression_rate,0.16,0.23307291666666666,0.0379395892821184
compression_rate,0.162,0.23697916666666666,0.03989987876574105
compression_rate,0.164,0.23697916666666666,0.03989987876574105
compression_rate,0.166,0.23697916666666666,0.03989987876574105
compression_rate,0.168,0.23828125,0.04133986423538423
compression_rate,0.17,0.23828125,0.04133986423538423
compression_rate,0.17200000000000001,0.24479166666666666,0.0379395892821184
compression_rate,0.17400000000000002,0.24479166666666666,0.0379395892821184
compression_rate,0.176,0.24869791666666666,0.04065753905207291
compression_rate,0.178,0.24869791666666666,0.04065753905207291
compression_rate,0.18,0.2643229166666667,0.05201818842562026
compression_rate,0.182,0.2643229166666667,0.05201818842562026
compression_rate,0.184,0.2669270833333333,0.05542655378591865
compression_rate,0.186,0.2669270833333333,0.05542655378591865
compression_rate,0.188,0.26953125,0.05510443742056986
compression_rate,0.19,0.26953125,0.05510443742056986
compression_rate,0.192,0.2734375,0.05370205892526375
compression_rate,0.194,0.2734375,0.05370205892526375
compression_rate,0.196,0.2760416666666667,0.05201818842562026
compression_rate,0.198,0.2760416666666667,0.05201818842562026
compression_rate,0.2,0.2799479166666667,0.05718799806249414
compression_rate,0.202,0.2799479166666667,0.05718799806249414
compression_rate,0.20400000000000001,0.2799479166666667,0.05718799806249414
compression_rate,0.20600000000000002,0.2799479166666667,0.05718799806249414
compression_rate,0.20800000000000002,0.2799479166666667,0.05718799806249414
compression_rate,0.21,0.2799479166666667,0.05718799806249414
compression_rate,0.212,0.28125,0.05898308152555273
compression_rate,0.214,0.28125,0.05898308152555273
compression_rate,0.216,0.2838541666666667,0.05966895436140417
compression_rate,0.218,0.2838541666666667,0.05966895436140417
compression_rate,0.22,0.2916666666666667,0.047091513854232096
compression_rate,0.222,0.2916666666666667,0.047091513854232096
compression_rate,0.224,0.29296875,0.0450490726354328
compression_rate,0.226,0.29296875,0.0450490726354328
compression_rate,0.228,0.2981770833333333,0.04302789490067267
compression_rate,0.23,0.2981770833333333,0.04302789490067267
compression_rate,0.232,0.3059895833333333,0.05083130545818525
compression_rate,0.234,0.3059895833333333,0.05083130545818525
compression_rate,0.23600000000000002,0.3072916666666667,0.05098117695430181
compression_rate,0.23800000000000002,0.3072916666666667,0.05098117695430181
compression_rate,0.24,0.3177083333333333,0.057982927287011245
compression_rate,0.242,0.3177083333333333,0.057982927287011245
compression_rate,0.244,0.3216145833333333,0.059284127280376096
compression_rate,0.246,0.3216145833333333,0.059284127280376096
compression_rate,0.248,0.3255208333333333,0.06080882515018551
compression_rate,0.25,0.3294270833333333,0.06314768569261532
compression_rate,0.252,0.3294270833333333,0.06314768569261532
compression_rate,0.254,0.3450520833333333,0.05303492670420912
compression_rate,0.256,0.3450520833333333,0.05303492670420912
compression_rate,0.258,0.3463541666666667,0.053321862576675184
compression_rate,0.26,0.3463541666666667,0.053321862576675184
compression_rate,0.262,0.34765625,0.05122998847110938
compression_rate,0.264,0.34765625,0.05122998847110938
compression_rate,0.266,0.3502604166666667,0.05487319662944135
compression_rate,0.268,0.3502604166666667,0.05487319662944135
compression_rate,0.27,0.3502604166666667,0.05487319662944135
compression_rate,0.272,0.3502604166666667,0.05487319662944135
compression_rate,0.274,0.3515625,0.05284277054089329
compression_rate,0.276,0.3515625,0.05284277054089329
compression_rate,0.278,0.3528645833333333,0.054733983221311726
compression_rate,0.28,0.3528645833333333,0.054733983221311726
compression_rate,0.28200000000000003,0.3541666666666667,0.052746429949294515
compression_rate,0.28400000000000003,0.3541666666666667,0.052746429949294515
compression_rate,0.28600000000000003,0.3567708333333333,0.0566518487442893
compression_rate,0.28800000000000003,0.3567708333333333,0.0566518487442893
compression_rate,0.29,0.3567708333333333,0.0566518487442893
compression_rate,0.292,0.3567708333333333,0.0566518487442893
compression_rate,0.294,0.3645833333333333,0.04884114409768503
compression_rate,0.296,0.3645833333333333,0.04884114409768503
compression_rate,0.298,0.3684895833333333,0.047091513854232096
compression_rate,0.3,0.3684895833333333,0.047091513854232096
compression_rate,0.302,0.3723958333333333,0.046929222111823175
compression_rate,0.304,0.3723958333333333,0.046929222111823175
compression_rate,0.306,0.3763020833333333,0.046929222111823175
compression_rate,0.308,0.3763020833333333,0.046929222111823175
compression_rate,0.31,0.3815104166666667,0.04302789490067267
compression_rate,0.312,0.3815104166666667,0.04302789490067267
compression_rate,0.314,0.3893229166666667,0.041031123064033156
compression_rate,0.316,0.3893229166666667,0.041031123064033156
compression_rate,0.318,0.3919270833333333,0.04493602585087864
compression_rate,0.32,0.3919270833333333,0.04493602585087864
compression_rate,0.322,0.3984375,0.04894517221149089
compression_rate,0.324,0.3984375,0.04894517221149089
compression_rate,0.326,0.3997395833333333,0.04915256793796061
compression_rate,0.328,0.3997395833333333,0.04915256793796061
compression_rate,0.33,0.4075520833333333,0.0566518487442893
compression_rate,0.332,0.4075520833333333,0.0566518487442893
compression_rate,0.334,0.4088541666666667,0.0566518487442893
compression_rate,0.336,0.4140625,0.0625
compression_rate,0.338,0.4140625,0.0625
compression_rate,0.34,0.4192708333333333,0.05876710466873312
compression_rate,0.342,0.4192708333333333,0.05876710466873312
compression_rate,0.34400000000000003,0.4283854166666667,0.06644453553215143
compression_rate,0.34600000000000003,0.4283854166666667,0.06644453553215143
compression_rate,0.34800000000000003,0.4309895833333333,0.06266254903914566
compression_rate,0.35000000000000003,0.4309895833333333,0.06266254903914566
compression_rate,0.352,0.4322916666666667,0.0625406768673064
compression_rate,0.354,0.4322916666666667,0.0625406768673064
compression_rate,0.356,0.44140625,0.05284277054089329
compression_rate,0.358,0.44140625,0.05284277054089329
compression_rate,0.36,0.4440104166666667,0.052746429949294515
compression_rate,0.362,0.4440104166666667,0.052746429949294515
compression_rate,0.364,0.4453125,0.05078125
compression_rate,0.366,0.4453125,0.05078125
compression_rate,0.368,0.44921875,0.0450490726354328
compression_rate,0.37,0.44921875,0.0450490726354328
compression_rate,0.372,0.4518229166666667,0.046929222111823175
compression_rate,0.374,0.4518229166666667,0.046929222111823175
compression_rate,0.376,0.4596354166666667,0.04946203102401713
compression_rate,0.378,0.4596354166666667,0.04946203102401713
compression_rate,0.38,0.46484375,0.04349815908460954
compression_rate,0.382,0.46484375,0.04349815908460954
compression_rate,0.384,0.4674479166666667,0.03932205435036849
compression_rate,0.386,0.4674479166666667,0.03932205435036849
compression_rate,0.388,0.4700520833333333,0.04302789490067267
compression_rate,0.39,0.4700520833333333,0.04302789490067267
compression_rate,0.392,0.4752604166666667,0.04176826805298292
compression_rate,0.394,0.4752604166666667,0.04176826805298292
compression_rate,0.396,0.4752604166666667,0.04176826805298292
compression_rate,0.398,0.4752604166666667,0.04176826805298292
compression_rate,0.4,0.4752604166666667,0.04176826805298292
compression_rate,0.402,0.4752604166666667,0.04176826805298292
compression_rate,0.404,0.4765625,0.03964410767614148
compression_rate,0.406,0.4765625,0.03964410767614148
compression_rate,0.40800000000000003,0.4791666666666667,0.04065753905207291
compression_rate,0.41000000000000003,0.4791666666666667,0.04065753905207291
compression_rate,0.41200000000000003,0.4817708333333333,0.04285021529141754
compression_rate,0.41400000000000003,0.4817708333333333,0.04285021529141754
compression_rate,0.41600000000000004,0.484375,0.04225255400934363
compression_rate,0.418,0.4895833333333333,0.043905508593977516
compression_rate,0.42,0.4895833333333333,0.043905508593977516
compression_rate,0.422,0.4934895833333333,0.04285021529141754
compression_rate,0.424,0.4934895833333333,0.04285021529141754
compression_rate,0.426,0.4934895833333333,0.04285021529141754
compression_rate,0.428,0.4934895833333333,0.04285021529141754
compression_rate,0.43,0.4947916666666667,0.04355658511374409
compression_rate,0.432,0.4947916666666667,0.04355658511374409
compression_rate,0.434,0.4947916666666667,0.04355658511374409
compression_rate,0.436,0.4947916666666667,0.04355658511374409
compression_rate,0.438,0.4986979166666667,0.0482122619311813
compression_rate,0.44,0.4986979166666667,0.0482122619311813
compression_rate,0.442,0.5026041666666666,0.041768268052982914
compression_rate,0.444,0.5026041666666666,0.041768268052982914
compression_rate,0.446,0.5026041666666666,0.041768268052982914
compression_rate,0.448,0.5026041666666666,0.041768268052982914
compression_rate,0.45,0.5052083333333334,0.04285021529141753
compression_rate,0.452,0.5052083333333334,0.04285021529141753
compression_rate,0.454,0.5130208333333334,0.050379015943107036
compression_rate,0.456,0.5130208333333334,0.050379015943107036
compression_rate,0.458,0.51953125,0.051674830294230284
compression_rate,0.46,0.51953125,0.051674830294230284
compression_rate,0.462,0.5299479166666666,0.06055737476163273
compression_rate,0.464,0.5299479166666666,0.06055737476163273
compression_rate,0.466,0.53515625,0.055380651870147755
compression_rate,0.468,0.53515625,0.055380651870147755
compression_rate,0.47000000000000003,0.53515625,0.055380651870147755
compression_rate,0.47200000000000003,0.53515625,0.055380651870147755
compression_rate,0.47400000000000003,0.5364583333333334,0.05317858816839098
compression_rate,0.47600000000000003,0.5364583333333334,0.05317858816839098
compression_rate,0.47800000000000004,0.5377604166666666,0.0509811769543018
compression_rate,0.48,0.5377604166666666,0.0509811769543018
compression_rate,0.482,0.54296875,0.04800080362283011
compression_rate,0.484,0.54296875,0.04800080362283011
compression_rate,0.486,0.5442708333333334,0.04884114409768503
compression_rate,0.488,0.5442708333333334,0.04884114409768503
compression_rate,0.49,0.5455729166666666,0.05022734771350497
compression_rate,0.492,0.5455729166666666,0.05022734771350497
compression_rate,0.494,0.55078125,0.05108084699461727
compression_rate,0.496,0.55078125,0.05108084699461727
compression_rate,0.498,0.5572916666666666,0.04355658511374409
compression_rate,0.5,0.55859375,0.04133986423538423
compression_rate,0.502,0.55859375,0.04133986423538423
compression_rate,0.504,0.5625,0.0450490726354328
compression_rate,0.506,0.5625,0.0450490726354328
compression_rate,0.508,0.5638020833333334,0.04285021529141753
compression_rate,0.51,0.5638020833333334,0.04285021529141753
compression_rate,0.512,0.5651041666666666,0.0406575390520729
compression_rate,0.514,0.5651041666666666,0.0406575390520729
compression_rate,0.516,0.56640625,0.03847210078826603
compression_rate,0.518,0.56640625,0.03847210078826603
compression_rate,0.52,0.57421875,0.03471950944263902
compression_rate,0.522,0.57421875,0.03471950944263902
compression_rate,0.524,0.5807291666666666,0.029577647634376425
compression_rate,0.526,0.5807291666666666,0.029577647634376425
compression_rate,0.528,0.5833333333333334,0.03157384284630766
compression_rate,0.53,0.5833333333333334,0.03157384284630766
compression_rate,0.532,0.5911458333333334,0.028793417171218725
compression_rate,0.534,0.5911458333333334,0.028793417171218725
compression_rate,0.536,0.5911458333333334,0.028793417171218725
compression_rate,0.538,0.5911458333333334,0.028793417171218725
compression_rate,0.54,0.59375,0.02734375
compression_rate,0.542,0.59375,0.02734375
compression_rate,0.544,0.5963541666666666,0.02288853623860279
compression_rate,0.546,0.5963541666666666,0.02288853623860279
compression_rate,0.548,0.6002604166666666,0.016263015620829165
compression_rate,0.55,0.6002604166666666,0.016263015620829165
compression_rate,0.552,0.6067708333333334,0.01127637244510988
compression_rate,0.554,0.6067708333333334,0.01127637244510988
compression_rate,0.556,0.6080729166666666,0.012556836928376244
compression_rate,0.558,0.6080729166666666,0.012556836928376244
compression_rate,0.56,0.6223958333333334,0.008131507810414582
compression_rate,0.562,0.6223958333333334,0.008131507810414582
compression_rate,0.5640000000000001,0.6223958333333334,0.008131507810414582
compression_rate,0.5660000000000001,0.6223958333333334,0.008131507810414582
compression_rate,0.5680000000000001,0.625,0.00390625
compression_rate,0.5700000000000001,0.625,0.00390625
compression_rate,0.5720000000000001,0.62890625,0.00390625
compression_rate,0.5740000000000001,0.62890625,0.00390625
compression_rate,0.5760000000000001,0.6341145833333334,0.004510548978043951
compression_rate,0.578,0.6341145833333334,0.004510548978043951
compression_rate,0.58,0.6393229166666666,0.002255274489021976
compression_rate,0.582,0.6393229166666666,0.002255274489021976
compression_rate,0.584,0.640625,0.00390625
compression_rate,0.586,0.6432291666666666,0.005966895436140416
compression_rate,0.588,0.6432291666666666,0.005966895436140416
compression_rate,0.59,0.6458333333333334,0.009830513587592123
compression_rate,0.592,0.6458333333333334,0.009830513587592123
compression_rate,0.594,0.6471354166666666,0.008131507810414582
compression_rate,0.596,0.6471354166666666,0.008131507810414582
compression_rate,0.598,0.6497395833333334,0.009830513587592123
compression_rate,0.6,0.6497395833333334,0.009830513587592123
compression_rate,0.602,0.6536458333333334,0.005966895436140416
compression_rate,0.604,0.6536458333333334,0.005966895436140416
compression_rate,0.606,0.6588541666666666,0.008131507810414582
compression_rate,0.608,0.6588541666666666,0.008131507810414582
compression_rate,0.61,0.6614583333333334,0.008131507810414582
compression_rate,0.612,0.6614583333333334,0.008131507810414582
compression_rate,0.614,0.6666666666666666,0.009830513587592123
compression_rate,0.616,0.6666666666666666,0.009830513587592123
compression_rate,0.618,0.671875,0.01171875
compression_rate,0.62,0.671875,0.01171875
compression_rate,0.622,0.6731770833333334,0.011933790872280834
compression_rate,0.624,0.6731770833333334,0.011933790872280834
compression_rate,0.626,0.6796875,0.010334966058846057
compression_rate,0.628,0.6796875,0.010334966058846057
compression_rate,0.63,0.6888020833333334,0.01578692142315383
compression_rate,0.632,0.6888020833333334,0.01578692142315383
compression_rate,0.634,0.6966145833333334,0.022211877746395808
compression_rate,0.636,0.6966145833333334,0.022211877746395808
compression_rate,0.638,0.6966145833333334,0.022211877746395808
compression_rate,0.64,0.6966145833333334,0.022211877746395808
compression_rate,0.642,0.703125,0.015625
compression_rate,0.644,0.703125,0.015625
compression_rate,0.646,0.70703125,0.01790068630842125
compression_rate,0.648,0.70703125,0.01790068630842125
compression_rate,0.65,0.70703125,0.01790068630842125
compression_rate,0.652,0.70703125,0.01790068630842125
compression_rate,0.654,0.7096354166666666,0.018460217290049253
compression_rate,0.656,0.7096354166666666,0.018460217290049253
compression_rate,0.658,0.7109375,0.01790068630842125
compression_rate,0.66,0.7109375,0.01790068630842125
compression_rate,0.662,0.7135416666666666,0.019661027175184247
compression_rate,0.664,0.7135416666666666,0.019661027175184247
compression_rate,0.666,0.7161458333333334,0.023867581744561665
compression_rate,0.668,0.7200520833333334,0.025415652729092623
compression_rate,0.67,0.7200520833333334,0.025415652729092623
compression_rate,0.672,0.7213541666666666,0.025415652729092623
compression_rate,0.674,0.7213541666666666,0.025415652729092623
compression_rate,0.676,0.7252604166666666,0.019661027175184247
compression_rate,0.678,0.7252604166666666,0.019661027175184247
compression_rate,0.68,0.7330729166666666,0.02288853623860279
compression_rate,0.682,0.7330729166666666,0.02288853623860279
compression_rate,0.684,0.7356770833333334,0.018460217290049253
compression_rate,0.686,0.7356770833333334,0.018460217290049253
compression_rate,0.6880000000000001,0.73828125,0.02174907954230477
compression_rate,0.6900000000000001,0.73828125,0.02174907954230477
compression_rate,0.6920000000000001,0.74609375,0.03125
compression_rate,0.6940000000000001,0.74609375,0.03125
compression_rate,0.6960000000000001,0.75,0.03125
compression_rate,0.6980000000000001,0.75,0.03125
compression_rate,0.7000000000000001,0.75,0.03125
compression_rate,0.7020000000000001,0.75,0.03125
compression_rate,0.704,0.75,0.03125
compression_rate,0.706,0.75,0.03125
compression_rate,0.708,0.75390625,0.0333750146301466
compression_rate,0.71,0.75390625,0.0333750146301466
compression_rate,0.712,0.75390625,0.0333750146301466
compression_rate,0.714,0.75390625,0.0333750146301466
compression_rate,0.716,0.75390625,0.0333750146301466
compression_rate,0.718,0.75390625,0.0333750146301466
compression_rate,0.72,0.7565104166666666,0.03322226776607571
compression_rate,0.722,0.7565104166666666,0.03322226776607571
compression_rate,0.724,0.7578125,0.03125
compression_rate,0.726,0.7578125,0.03125
compression_rate,0.728,0.7591145833333334,0.03322226776607571
compression_rate,0.73,0.7591145833333334,0.03322226776607571
compression_rate,0.732,0.7604166666666666,0.03522851369392886
compression_rate,0.734,0.7604166666666666,0.03522851369392886
compression_rate,0.736,0.76171875,0.0333750146301466
compression_rate,0.738,0.76171875,0.0333750146301466
compression_rate,0.74,0.7669270833333334,0.03544442080420885
compression_rate,0.742,0.7669270833333334,0.03544442080420885
compression_rate,0.744,0.7708333333333334,0.034128495890836344
compression_rate,0.746,0.7708333333333334,0.034128495890836344
compression_rate,0.748,0.7786458333333334,0.030341615098257925
compression_rate,0.75,0.7877604166666666,0.04009063624567878
compression_rate,0.752,0.7877604166666666,0.04009063624567878
compression_rate,0.754,0.7890625,0.03847210078826603
compression_rate,0.756,0.7890625,0.03847210078826603
compression_rate,0.758,0.7916666666666666,0.037535248191144725
compression_rate,0.76,0.7916666666666666,0.037535248191144725
compression_rate,0.762,0.7916666666666666,0.037535248191144725
compression_rate,0.764,0.7916666666666666,0.037535248191144725
compression_rate,0.766,0.7981770833333334,0.030341615098257925
compression_rate,0.768,0.7981770833333334,0.030341615098257925
compression_rate,0.77,0.8020833333333334,0.02658929408419549
compression_rate,0.772,0.8020833333333334,0.02658929408419549
compression_rate,0.774,0.8046875,0.024394523431243743
compression_rate,0.776,0.8046875,0.024394523431243743
compression_rate,0.778,0.8111979166666666,0.022211877746395808
compression_rate,0.78,0.8111979166666666,0.022211877746395808
compression_rate,0.782,0.8151041666666666,0.023545756927116045
compression_rate,0.784,0.8151041666666666,0.023545756927116045
compression_rate,0.786,0.8177083333333334,0.023867581744561665
compression_rate,0.788,0.8177083333333334,0.023867581744561665
compression_rate,0.79,0.8177083333333334,0.023867581744561665
compression_rate,0.792,0.8177083333333334,0.023867581744561665
compression_rate,0.794,0.8229166666666666,0.022211877746395808
compression_rate,0.796,0.8229166666666666,0.022211877746395808
compression_rate,0.798,0.828125,0.01790068630842125
compression_rate,0.8,0.828125,0.01790068630842125
compression_rate,0.802,0.8294270833333334,0.02004531812283939
compression_rate,0.804,0.8294270833333334,0.02004531812283939
compression_rate,0.806,0.8385416666666666,0.023867581744561665
compression_rate,0.808,0.8385416666666666,0.023867581744561665
compression_rate,0.81,0.8411458333333334,0.022211877746395808
compression_rate,0.812,0.8411458333333334,0.022211877746395808
compression_rate,0.8140000000000001,0.8450520833333334,0.022211877746395808
compression_rate,0.8160000000000001,0.8450520833333334,0.022211877746395808
compression_rate,0.8180000000000001,0.8515625,0.024394523431243743
compression_rate,0.8200000000000001,0.8515625,0.024394523431243743
compression_rate,0.8220000000000001,0.8541666666666666,0.023867581744561665
compression_rate,0.8240000000000001,0.8541666666666666,0.023867581744561665
compression_rate,0.8260000000000001,0.8567708333333334,0.019661027175184247
compression_rate,0.8280000000000001,0.8567708333333334,0.019661027175184247
compression_rate,0.8300000000000001,0.8567708333333334,0.019661027175184247
compression_rate,0.8320000000000001,0.8567708333333334,0.019661027175184247
compression_rate,0.834,0.859375,0.015625
compression_rate,0.836,0.8684895833333334,0.009021097956087904
compression_rate,0.838,0.8684895833333334,0.009021097956087904
compression_rate,0.84,0.8684895833333334,0.009021097956087904
compression_rate,0.842,0.8684895833333334,0.009021097956087904
compression_rate,0.844,0.8763020833333334,0.005966895436140416
compression_rate,0.846,0.8763020833333334,0.005966895436140416
compression_rate,0.848,0.87890625,0.0067658234670659265
compression_rate,0.85,0.87890625,0.0067658234670659265
compression_rate,0.852,0.8880208333333334,0.005966895436140417
compression_rate,0.854,0.8880208333333334,0.005966895436140417
compression_rate,0.856,0.890625,0.00390625
compression_rate,0.858,0.890625,0.00390625
compression_rate,0.86,0.8919270833333334,0.004510548978043951
compression_rate,0.862,0.8919270833333334,0.004510548978043951
compression_rate,0.864,0.8984375,0.00390625
compression_rate,0.866,0.8984375,0.00390625
compression_rate,0.868,0.90234375,0.0078125
compression_rate,0.87,0.90234375,0.0078125
compression_rate,0.872,0.9036458333333334,0.009830513587592123
compression_rate,0.874,0.9036458333333334,0.009830513587592123
compression_rate,0.876,0.90625,0.010334966058846057
compression_rate,0.878,0.90625,0.010334966058846057
compression_rate,0.88,0.9114583333333334,0.01578692142315383
compression_rate,0.882,0.9114583333333334,0.01578692142315383
compression_rate,0.884,0.9140625,0.017026948998205758
compression_rate,0.886,0.9140625,0.017026948998205758
compression_rate,0.888,0.9153645833333334,0.018042195912175808
compression_rate,0.89,0.9153645833333334,0.018042195912175808
compression_rate,0.892,0.9231770833333334,0.018042195912175808
compression_rate,0.894,0.9231770833333334,0.018042195912175808
compression_rate,0.896,0.9244791666666666,0.01926907368092284
compression_rate,0.898,0.9244791666666666,0.01926907368092284
compression_rate,0.9,0.92578125,0.02029747040119778
compression_rate,0.902,0.92578125,0.02029747040119778
compression_rate,0.904,0.9309895833333334,0.01127637244510988
compression_rate,0.906,0.9309895833333334,0.01127637244510988
compression_rate,0.908,0.9427083333333334,0.005966895436140416
compression_rate,0.91,0.9427083333333334,0.005966895436140416
compression_rate,0.912,0.9466145833333334,0.004510548978043951
compression_rate,0.914,0.9466145833333334,0.004510548978043951
compression_rate,0.916,0.9479166666666666,0.005966895436140417
compression_rate,0.918,0.9479166666666666,0.005966895436140417
compression_rate,0.92,0.9479166666666666,0.005966895436140417
compression_rate,0.922,0.9505208333333334,0.008131507810414582
compression_rate,0.924,0.9505208333333334,0.008131507810414582
compression_rate,0.926,0.953125,0.0067658234670659265
compression_rate,0.928,0.953125,0.0067658234670659265
compression_rate,0.93,0.95703125,0.01171875
compression_rate,0.932,0.95703125,0.01171875
compression_rate,0.934,0.95703125,0.01171875
compression_rate,0.936,0.95703125,0.01171875
compression_rate,0.9380000000000001,0.9583333333333334,0.009830513587592123
compression_rate,0.9400000000000001,0.9583333333333334,0.009830513587592123
compression_rate,0.9420000000000001,0.9583333333333334,0.009830513587592123
compression_rate,0.9440000000000001,0.9583333333333334,0.009830513587592123
compression_rate,0.9460000000000001,0.9609375,0.010334966058846057
compression_rate,0.9480000000000001,0.9609375,0.010334966058846057
compression_rate,0.9500000000000001,0.9609375,0.010334966058846057
compression_rate,0.9520000000000001,0.9609375,0.010334966058846057
compression_rate,0.9540000000000001,0.9635416666666666,0.011933790872280834
compression_rate,0.9560000000000001,0.9635416666666666,0.011933790872280834
compression_rate,0.9580000000000001,0.9674479166666666,0.01578692142315383
compression_rate,0.96,0.9674479166666666,0.01578692142315383
compression_rate,0.962,0.96875,0.014084184669781208
compression_rate,0.964,0.96875,0.014084184669781208
compression_rate,0.966,0.9713541666666666,0.013718299157360338
compression_rate,0.968,0.9713541666666666,0.013718299157360338
compression_rate,0.97,0.97265625,0.01171875
compression_rate,0.972,0.97265625,0.01171875
compression_rate,0.974,0.9752604166666666,0.013718299157360338
compression_rate,0.976,0.9752604166666666,0.013718299157360338
compression_rate,0.978,0.9791666666666666,0.013718299157360338
compression_rate,0.98,0.9791666666666666,0.013718299157360338
compression_rate,0.982,0.9869791666666666,0.004510548978043951
compression_rate,0.984,0.9869791666666666,0.004510548978043951
compression_rate,0.986,0.9869791666666666,0.004510548978043951
compression_rate,0.988,0.9869791666666666,0.004510548978043951
compression_rate,0.99,0.9908854166666666,0.004510548978043951
compression_rate,0.992,0.9908854166666666,0.004510548978043951
compression_rate,0.994,0.9947916666666666,0.004510548978043951
compression_rate,0.996,0.9947916666666666,0.004510548978043951
compression_rate,0.998,0.9947916666666666,0.004510548978043951
compression_rate,1.0,1.0,0.0
vocabulary_overlap,0.0,0.033854166666666664,0.025415652729092623
vocabulary_overlap,0.002,0.033854166666666664,0.025415652729092623
vocabulary_overlap,0.004,0.049479166666666664,0.037535248191144725
vocabulary_overlap,0.006,0.049479166666666664,0.037535248191144725
vocabulary_overlap,0.008,0.06770833333333333,0.029577647634376425
vocabulary_overlap,0.01,0.06770833333333333,0.029577647634376425
vocabulary_overlap,0.012,0.07291666666666667,0.026009094212810127
vocabulary_overlap,0.014,0.07291666666666667,0.026009094212810127
vocabulary_overlap,0.016,0.07942708333333333,0.03412849589083635
vocabulary_overlap,0.018000000000000002,0.07942708333333333,0.03412849589083635
vocabulary_overlap,0.02,0.08333333333333333,0.030341615098257925
vocabulary_overlap,0.022,0.08333333333333333,0.030341615098257925
vocabulary_overlap,0.024,0.0859375,0.029491540762776366
vocabulary_overlap,0.026000000000000002,0.0859375,0.029491540762776366
vocabulary_overlap,0.028,0.08854166666666667,0.03133127451957282
vocabulary_overlap,0.03,0.08854166666666667,0.03133127451957282
vocabulary_overlap,0.032,0.09375,0.0358013726168425
vocabulary_overlap,0.034,0.09375,0.0358013726168425
vocabulary_overlap,0.036000000000000004,0.11458333333333333,0.04302789490067267
vocabulary_overlap,0.038,0.11458333333333333,0.04302789490067267
vocabulary_overlap,0.04,0.11979166666666667,0.04285021529141754
vocabulary_overlap,0.042,0.11979166666666667,0.04285021529141754
vocabulary_overlap,0.044,0.12239583333333333,0.044423755492791615
vocabulary_overlap,0.046,0.12239583333333333,0.044423755492791615
vocabulary_overlap,0.048,0.12760416666666666,0.05317858816839098
vocabulary_overlap,0.05,0.12760416666666666,0.05317858816839098
vocabulary_overlap,0.052000000000000005,0.15494791666666666,0.0318145617783089
vocabulary_overlap,0.054,0.15494791666666666,0.0318145617783089
vocabulary_overlap,0.056,0.15755208333333334,0.03629520798116238
vocabulary_overlap,0.058,0.15755208333333334,0.03629520798116238
vocabulary_overlap,0.06,0.16015625,0.03382911733532964
vocabulary_overlap,0.062,0.16015625,0.03382911733532964
vocabulary_overlap,0.064,0.16015625,0.03382911733532964
vocabulary_overlap,0.066,0.16015625,0.03382911733532964
vocabulary_overlap,0.068,0.1640625,0.034053897996411515
vocabulary_overlap,0.07,0.1640625,0.034053897996411515
vocabulary_overlap,0.07200000000000001,0.16927083333333334,0.03951560131638937
vocabulary_overlap,0.074,0.16927083333333334,0.03951560131638937
vocabulary_overlap,0.076,0.171875,0.044021201834315016
vocabulary_overlap,0.078,0.171875,0.044021201834315016
vocabulary_overlap,0.08,0.17708333333333334,0.04627436365603349
vocabulary_overlap,0.082,0.17708333333333334,0.04627436365603349
vocabulary_overlap,0.084,0.18098958333333334,0.04355658511374409
vocabulary_overlap,0.08600000000000001,0.1875,0.04115489747208101
vocabulary_overlap,0.088,0.1875,0.04115489747208101
vocabulary_overlap,0.09,0.19140625,0.04115489747208101
vocabulary_overlap,0.092,0.19140625,0.04115489747208101
vocabulary_overlap,0.094,0.20052083333333334,0.04285021529141753
vocabulary_overlap,0.096,0.20052083333333334,0.04285021529141753
vocabulary_overlap,0.098,0.20442708333333334,0.04577707247720559
vocabulary_overlap,0.1,0.20442708333333334,0.04577707247720559
vocabulary_overlap,0.10200000000000001,0.21484375,0.04225255400934363
vocabulary_overlap,0.10400000000000001,0.21484375,0.04225255400934363
vocabulary_overlap,0.106,0.21875,0.03847210078826603
vocabulary_overlap,0.108,0.21875,0.03847210078826603
vocabulary_overlap,0.11,0.22526041666666666,0.04285021529141753
vocabulary_overlap,0.112,0.22526041666666666,0.04285021529141753
vocabulary_overlap,0.114,0.2265625,0.04059494080239556
vocabulary_overlap,0.116,0.2265625,0.04059494080239556
vocabulary_overlap,0.11800000000000001,0.22916666666666666,0.036084391824351615
vocabulary_overlap,0.12,0.22916666666666666,0.036084391824351615
vocabulary_overlap,0.122,0.23958333333333334,0.043905508593977516
vocabulary_overlap,0.124,0.23958333333333334,0.043905508593977516
vocabulary_overlap,0.126,0.24609375,0.03726325005534944
vocabulary_overlap,0.128,0.24609375,0.03726325005534944
vocabulary_overlap,0.13,0.25390625,0.04115489747208101
vocabulary_overlap,0.132,0.25390625,0.04115489747208101
vocabulary_overlap,0.134,0.26171875,0.04736076426946149
vocabulary_overlap,0.136,0.26171875,0.04736076426946149
vocabulary_overlap,0.138,0.2643229166666667,0.05157630812588115
vocabulary_overlap,0.14,0.2643229166666667,0.05157630812588115
vocabulary_overlap,0.14200000000000002,0.2708333333333333,0.05487319662944135
vocabulary_overlap,0.14400000000000002,0.2708333333333333,0.05487319662944135
vocabulary_overlap,0.146,0.2747395833333333,0.04946203102401713
vocabulary_overlap,0.148,0.2747395833333333,0.04946203102401713
vocabulary_overlap,0.15,0.27734375,0.04736076426946149
vocabulary_overlap,0.152,0.27734375,0.04736076426946149
vocabulary_overlap,0.154,0.2838541666666667,0.043905508593977516
vocabulary_overlap,0.156,0.2838541666666667,0.043905508593977516
vocabulary_overlap,0.158,0.28515625,0.04225255400934363
vocabulary_overlap,0.16,0.28515625,0.04225255400934363
vocabulary_overlap,0.162,0.28515625,0.04225255400934363
vocabulary_overlap,0.164,0.28515625,0.04225255400934363
vocabulary_overlap,0.166,0.2903645833333333,0.04355658511374409
vocabulary_overlap,0.168,0.2916666666666667,0.04285021529141754
vocabulary_overlap,0.17,0.2916666666666667,0.04285021529141754
vocabulary_overlap,0.17200000000000001,0.2942708333333333,0.04065753905207291
vocabulary_overlap,0.17400000000000002,0.2942708333333333,0.04065753905207291
vocabulary_overlap,0.176,0.30078125,0.0390625
vocabulary_overlap,0.178,0.30078125,0.0390625
vocabulary_overlap,0.18,0.3046875,0.03515625
vocabulary_overlap,0.182,0.3046875,0.03515625
vocabulary_overlap,0.184,0.3111979166666667,0.04527431940290029
vocabulary_overlap,0.186,0.3111979166666667,0.04527431940290029
vocabulary_overlap,0.188,0.3151041666666667,0.04915256793796061
vocabulary_overlap,0.19,0.3151041666666667,0.04915256793796061
vocabulary_overlap,0.192,0.3177083333333333,0.053321862576675184
vocabulary_overlap,0.194,0.3177083333333333,0.053321862576675184
vocabulary_overlap,0.196,0.3216145833333333,0.05583797302706137
vocabulary_overlap,0.198,0.3216145833333333,0.05583797302706137
vocabulary_overlap,0.2,0.32421875,0.057542655713500916
vocabulary_overlap,0.202,0.32421875,0.057542655713500916
vocabulary_overlap,0.20400000000000001,0.3294270833333333,0.05098117695430181
vocabulary_overlap,0.20600000000000002,0.3294270833333333,0.05098117695430181
vocabulary_overlap,0.20800000000000002,0.3333333333333333,0.05098117695430181
vocabulary_overlap,0.21,0.3333333333333333,0.05098117695430181
vocabulary_overlap,0.212,0.3359375,0.04878904686248749
vocabulary_overlap,0.214,0.3359375,0.04878904686248749
vocabulary_overlap,0.216,0.33984375,0.055380651870147755
vocabulary_overlap,0.218,0.33984375,0.055380651870147755
vocabulary_overlap,0.22,0.3424479166666667,0.05417355224665292
vocabulary_overlap,0.222,0.3424479166666667,0.05417355224665292
vocabulary_overlap,0.224,0.34375,0.05633673867912483
vocabulary_overlap,0.226,0.34375,0.05633673867912483
vocabulary_overlap,0.228,0.3463541666666667,0.06068323019651585
vocabulary_overlap,0.23,0.3463541666666667,0.06068323019651585
vocabulary_overlap,0.232,0.3528645833333333,0.0635091062409229
vocabulary_overlap,0.234,0.3528645833333333,0.0635091062409229
vocabulary_overlap,0.23600000000000002,0.3528645833333333,0.0635091062409229
vocabulary_overlap,0.23800000000000002,0.3528645833333333,0.0635091062409229
vocabulary_overlap,0.24,0.3567708333333333,0.06493467520724834
vocabulary_overlap,0.242,0.3567708333333333,0.06493467520724834
vocabulary_overlap,0.244,0.3567708333333333,0.06493467520724834
vocabulary_overlap,0.246,0.3567708333333333,0.06493467520724834
vocabulary_overlap,0.248,0.3580729166666667,0.06314768569261532
vocabulary_overlap,0.25,0.359375,0.06524723862691433
vocabulary_overlap,0.252,0.359375,0.06524723862691433
vocabulary_overlap,0.254,0.3619791666666667,0.06314768569261532
vocabulary_overlap,0.256,0.3619791666666667,0.06314768569261532
vocabulary_overlap,0.258,0.3658854166666667,0.06469926171252524
vocabulary_overlap,0.26,0.3658854166666667,0.06469926171252524
vocabulary_overlap,0.262,0.37109375,0.0625
vocabulary_overlap,0.264,0.37109375,0.0625
vocabulary_overlap,0.266,0.3776041666666667,0.06655925999547946
vocabulary_overlap,0.268,0.3776041666666667,0.06655925999547946
vocabulary_overlap,0.27,0.3815104166666667,0.07045702738785772
vocabulary_overlap,0.272,0.3815104166666667,0.07045702738785772
vocabulary_overlap,0.274,0.3854166666666667,0.06655925999547946
vocabulary_overlap,0.276,0.3854166666666667,0.06655925999547946
vocabulary_overlap,0.278,0.3893229166666667,0.0683686749626306
vocabulary_overlap,0.28,0.3893229166666667,0.0683686749626306
vocabulary_overlap,0.28200000000000003,0.3932291666666667,0.06644453553215143
vocabulary_overlap,0.28400000000000003,0.3932291666666667,0.06644453553215143
vocabulary_overlap,0.28600000000000003,0.3958333333333333,0.06266254903914566
vocabulary_overlap,0.28800000000000003,0.3958333333333333,0.06266254903914566
vocabulary_overlap,0.29,0.4049479166666667,0.059284127280376096
vocabulary_overlap,0.292,0.4049479166666667,0.059284127280376096
vocabulary_overlap,0.294,0.4049479166666667,0.059284127280376096
vocabulary_overlap,0.296,0.4049479166666667,0.059284127280376096
vocabulary_overlap,0.298,0.40625,0.057542655713500916
vocabulary_overlap,0.3,0.40625,0.057542655713500916
vocabulary_overlap,0.302,0.4114583333333333,0.05718799806249414
vocabulary_overlap,0.304,0.4114583333333333,0.05718799806249414
vocabulary_overlap,0.306,0.4153645833333333,0.0635091062409229
vocabulary_overlap,0.308,0.4153645833333333,0.0635091062409229
vocabulary_overlap,0.31,0.4192708333333333,0.05966895436140417
vocabulary_overlap,0.312,0.4192708333333333,0.05966895436140417
vocabulary_overlap,0.314,0.4192708333333333,0.05966895436140417
vocabulary_overlap,0.316,0.4192708333333333,0.05966895436140417
vocabulary_overlap,0.318,0.4231770833333333,0.05850688004859628
vocabulary_overlap,0.32,0.4231770833333333,0.05850688004859628
vocabulary_overlap,0.322,0.4322916666666667,0.05863713671457137
vocabulary_overlap,0.324,0.4322916666666667,0.05863713671457137
vocabulary_overlap,0.326,0.4348958333333333,0.05487319662944135
vocabulary_overlap,0.328,0.4348958333333333,0.05487319662944135
vocabulary_overlap,0.33,0.4348958333333333,0.05487319662944135
vocabulary_overlap,0.332,0.4348958333333333,0.05487319662944135
vocabulary_overlap,0.334,0.4440104166666667,0.05417355224665292
vocabulary_overlap,0.336,0.44921875,0.05284277054089329
vocabulary_overlap,0.338,0.44921875,0.05284277054089329
vocabulary_overlap,0.34,0.4518229166666667,0.05083130545818525
vocabulary_overlap,0.342,0.4518229166666667,0.05083130545818525
vocabulary_overlap,0.34400000000000003,0.4583333333333333,0.04946203102401713
vocabulary_overlap,0.34600000000000003,0.4583333333333333,0.04946203102401713
vocabulary_overlap,0.34800000000000003,0.4635416666666667,0.046929222111823175
vocabulary_overlap,0.35000000000000003,0.4635416666666667,0.046929222111823175
vocabulary_overlap,0.352,0.46875,0.0450490726354328
vocabulary_overlap,0.354,0.46875,0.0450490726354328
vocabulary_overlap,0.356,0.47265625,0.0450490726354328
vocabulary_overlap,0.358,0.47265625,0.0450490726354328
vocabulary_overlap,0.36,0.48046875,0.05674155877474199
vocabulary_overlap,0.362,0.48046875,0.05674155877474199
vocabulary_overlap,0.364,0.4830729166666667,0.054733983221311726
vocabulary_overlap,0.366,0.4830729166666667,0.054733983221311726
vocabulary_overlap,0.368,0.4895833333333333,0.04561010387535676
vocabulary_overlap,0.37,0.4895833333333333,0.04561010387535676
vocabulary_overlap,0.372,0.4921875,0.04349815908460954
vocabulary_overlap,0.374,0.4921875,0.04349815908460954
vocabulary_overlap,0.376,0.4947916666666667,0.043905508593977516
vocabulary_overlap,0.378,0.4947916666666667,0.043905508593977516
vocabulary_overlap,0.38,0.49609375,0.04349815908460954
vocabulary_overlap,0.382,0.49609375,0.04349815908460954
vocabulary_overlap,0.384,0.5013020833333334,0.04946203102401713
vocabulary_overlap,0.386,0.5013020833333334,0.04946203102401713
vocabulary_overlap,0.388,0.5065104166666666,0.050379015943107036
vocabulary_overlap,0.39,0.5065104166666666,0.050379015943107036
vocabulary_overlap,0.392,0.51171875,0.04987166146407697
vocabulary_overlap,0.394,0.51171875,0.04987166146407697
vocabulary_overlap,0.396,0.51953125,0.05633673867912483
vocabulary_overlap,0.398,0.51953125,0.05633673867912483
vocabulary_overlap,0.4,0.5208333333333334,0.05473398322131172
vocabulary_overlap,0.402,0.5208333333333334,0.05473398322131172
vocabulary_overlap,0.404,0.5221354166666666,0.05317858816839098
vocabulary_overlap,0.406,0.5221354166666666,0.05317858816839098
vocabulary_overlap,0.40800000000000003,0.5286458333333334,0.04660294314628458
vocabulary_overlap,0.41000000000000003,0.5286458333333334,0.04660294314628458
vocabulary_overlap,0.41200000000000003,0.5299479166666666,0.04884114409768503
vocabulary_overlap,0.41400000000000003,0.5299479166666666,0.04884114409768503
vocabulary_overlap,0.41600000000000004,0.5325520833333334,0.04627436365603349
vocabulary_overlap,0.418,0.5325520833333334,0.04627436365603349
vocabulary_overlap,0.42,0.5325520833333334,0.04627436365603349
vocabulary_overlap,0.422,0.53515625,0.044021201834315016
vocabulary_overlap,0.424,0.53515625,0.044021201834315016
vocabulary_overlap,0.426,0.5364583333333334,0.04285021529141753
vocabulary_overlap,0.428,0.5364583333333334,0.04285021529141753
vocabulary_overlap,0.43,0.5403645833333334,0.03951560131638937
vocabulary_overlap,0.432,0.5403645833333334,0.03951560131638937
vocabulary_overlap,0.434,0.5442708333333334,0.03608439182435161
vocabulary_overlap,0.436,0.5442708333333334,0.03608439182435161
vocabulary_overlap,0.438,0.5442708333333334,0.03608439182435161
vocabulary_overlap,0.44,0.5442708333333334,0.03608439182435161
vocabulary_overlap,0.442,0.5455729166666666,0.03501127515559571
vocabulary_overlap,0.444,0.5455729166666666,0.03501127515559571
vocabulary_overlap,0.446,0.5494791666666666,0.03252603124165832
vocabulary_overlap,0.448,0.5494791666666666,0.03252603124165832
vocabulary_overlap,0.45,0.55078125,0.03197403426512676
vocabulary_overlap,0.452,0.55078125,0.03197403426512676
vocabulary_overlap,0.454,0.5598958333333334,0.0406575390520729
vocabulary_overlap,0.456,0.5598958333333334,0.0406575390520729
vocabulary_overlap,0.458,0.5638020833333334,0.03989987876574105
vocabulary_overlap,0.46,0.5638020833333334,0.03989987876574105
vocabulary_overlap,0.462,0.5703125,0.03726325005534944
vocabulary_overlap,0.464,0.5703125,0.03726325005534944
vocabulary_overlap,0.466,0.5729166666666666,0.03501127515559571
vocabulary_overlap,0.468,0.5729166666666666,0.03501127515559571
vocabulary_overlap,0.47000000000000003,0.5794270833333334,0.03989987876574105
vocabulary_overlap,0.47200000000000003,0.5794270833333334,0.03989987876574105
vocabulary_overlap,0.47400000000000003,0.5846354166666666,0.03853814736184568
vocabulary_overlap,0.47600000000000003,0.5846354166666666,0.03853814736184568
vocabulary_overlap,0.47800000000000004,0.5859375,0.04078244730043184
vocabulary_overlap,0.48,0.5859375,0.04078244730043184
vocabulary_overlap,0.482,0.5872395833333334,0.03951560131638937
vocabulary_overlap,0.484,0.5872395833333334,0.03951560131638937
vocabulary_overlap,0.486,0.59375,0.04133986423538423
vocabulary_overlap,0.488,0.59375,0.04133986423538423
vocabulary_overlap,0.49,0.5989583333333334,0.04355658511374409
vocabulary_overlap,0.492,0.5989583333333334,0.04355658511374409
vocabulary_overlap,0.494,0.5989583333333334,0.04355658511374409
vocabulary_overlap,0.496,0.5989583333333334,0.04355658511374409
vocabulary_overlap,0.498,0.6015625,0.04225255400934363
vocabulary_overlap,0.5,0.6041666666666666,0.04140133618641835
vocabulary_overlap,0.502,0.6041666666666666,0.04140133618641835
vocabulary_overlap,0.504,0.6106770833333334,0.044423755492791615
vocabulary_overlap,0.506,0.6106770833333334,0.044423755492791615
vocabulary_overlap,0.508,0.6197916666666666,0.03544442080420885
vocabulary_overlap,0.51,0.6197916666666666,0.03544442080420885
vocabulary_overlap,0.512,0.6236979166666666,0.039127550003428956
vocabulary_overlap,0.514,0.6236979166666666,0.039127550003428956
vocabulary_overlap,0.516,0.6236979166666666,0.039127550003428956
vocabulary_overlap,0.518,0.6236979166666666,0.039127550003428956
vocabulary_overlap,0.52,0.625,0.03847210078826603
vocabulary_overlap,0.522,0.625,0.03847210078826603
vocabulary_overlap,0.524,0.625,0.03847210078826603
vocabulary_overlap,0.526,0.625,0.03847210078826603
vocabulary_overlap,0.528,0.6302083333333334,0.0406575390520729
vocabulary_overlap,0.53,0.6302083333333334,0.0406575390520729
vocabulary_overlap,0.532,0.6393229166666666,0.03522851369392886
vocabulary_overlap,0.534,0.6393229166666666,0.03522851369392886
vocabulary_overlap,0.536,0.640625,0.03515625
vocabulary_overlap,0.538,0.640625,0.03515625
vocabulary_overlap,0.54,0.6484375,0.0450490726354328
vocabulary_overlap,0.542,0.6484375,0.0450490726354328
vocabulary_overlap,0.544,0.6510416666666666,0.046929222111823175
vocabulary_overlap,0.546,0.6510416666666666,0.046929222111823175
vocabulary_overlap,0.548,0.6549479166666666,0.04884114409768503
vocabulary_overlap,0.55,0.6549479166666666,0.04884114409768503
vocabulary_overlap,0.552,0.6588541666666666,0.05473398322131172
vocabulary_overlap,0.554,0.6588541666666666,0.05473398322131172
vocabulary_overlap,0.556,0.66015625,0.0546875
vocabulary_overlap,0.558,0.66015625,0.0546875
vocabulary_overlap,0.56,0.6640625,0.05674155877474199
vocabulary_overlap,0.562,0.6640625,0.05674155877474199
vocabulary_overlap,0.5640000000000001,0.6640625,0.05674155877474199
vocabulary_overlap,0.5660000000000001,0.6640625,0.05674155877474199
vocabulary_overlap,0.5680000000000001,0.6653645833333334,0.0566518487442893
vocabulary_overlap,0.5700000000000001,0.6653645833333334,0.0566518487442893
vocabulary_overlap,0.5720000000000001,0.6692708333333334,0.05473398322131172
vocabulary_overlap,0.5740000000000001,0.6692708333333334,0.05473398322131172
vocabulary_overlap,0.5760000000000001,0.6783854166666666,0.04946203102401713
vocabulary_overlap,0.578,0.6783854166666666,0.04946203102401713
vocabulary_overlap,0.58,0.6848958333333334,0.043905508593977516
vocabulary_overlap,0.582,0.6848958333333334,0.043905508593977516
vocabulary_overlap,0.584,0.6848958333333334,0.043905508593977516
vocabulary_overlap,0.586,0.6848958333333334,0.043905508593977516
vocabulary_overlap,0.588,0.6848958333333334,0.043905508593977516
vocabulary_overlap,0.59,0.6848958333333334,0.043905508593977516
vocabulary_overlap,0.592,0.6848958333333334,0.043905508593977516
vocabulary_overlap,0.594,0.6848958333333334,0.043905508593977516
vocabulary_overlap,0.596,0.6848958333333334,0.043905508593977516
vocabulary_overlap,0.598,0.6875,0.04225255400934363
vocabulary_overlap,0.6,0.6875,0.04225255400934363
vocabulary_overlap,0.602,0.6927083333333334,0.042132004394175616
vocabulary_overlap,0.604,0.6927083333333334,0.042132004394175616
vocabulary_overlap,0.606,0.6953125,0.04436647145156464
vocabulary_overlap,0.608,0.6953125,0.04436647145156464
vocabulary_overlap,0.61,0.6966145833333334,0.042132004394175616
vocabulary_overlap,0.612,0.6966145833333334,0.042132004394175616
vocabulary_overlap,0.614,0.6966145833333334,0.042132004394175616
vocabulary_overlap,0.616,0.6966145833333334,0.042132004394175616
vocabulary_overlap,0.618,0.6979166666666666,0.04302789490067267
vocabulary_overlap,0.62,0.6979166666666666,0.04302789490067267
vocabulary_overlap,0.622,0.69921875,0.04436647145156464
vocabulary_overlap,0.624,0.69921875,0.04436647145156464
vocabulary_overlap,0.626,0.703125,0.03767051078512873
vocabulary_overlap,0.628,0.703125,0.03767051078512873
vocabulary_overlap,0.63,0.7057291666666666,0.03951560131638937
vocabulary_overlap,0.632,0.7057291666666666,0.03951560131638937
vocabulary_overlap,0.634,0.7122395833333334,0.03157384284630766
vocabulary_overlap,0.636,0.7122395833333334,0.03157384284630766
vocabulary_overlap,0.638,0.71484375,0.034053897996411515
vocabulary_overlap,0.64,0.71484375,0.034053897996411515
vocabulary_overlap,0.642,0.7161458333333334,0.03501127515559571
vocabulary_overlap,0.644,0.7161458333333334,0.03501127515559571
vocabulary_overlap,0.646,0.7278645833333334,0.042132004394175616
vocabulary_overlap,0.648,0.7278645833333334,0.042132004394175616
vocabulary_overlap,0.65,0.73046875,0.03767051078512873
vocabulary_overlap,0.652,0.73046875,0.03767051078512873
vocabulary_overlap,0.654,0.73046875,0.03767051078512873
vocabulary_overlap,0.656,0.73046875,0.03767051078512873
vocabulary_overlap,0.658,0.7408854166666666,0.05098117695430181
vocabulary_overlap,0.66,0.7408854166666666,0.05098117695430181
vocabulary_overlap,0.662,0.7434895833333334,0.05157630812588115
vocabulary_overlap,0.664,0.7434895833333334,0.05157630812588115
vocabulary_overlap,0.666,0.7434895833333334,0.05157630812588115
vocabulary_overlap,0.668,0.7434895833333334,0.05157630812588115
vocabulary_overlap,0.67,0.7434895833333334,0.05157630812588115
vocabulary_overlap,0.672,0.74609375,0.04987166146407697
vocabulary_overlap,0.674,0.74609375,0.04987166146407697
vocabulary_overlap,0.676,0.7526041666666666,0.050227347713504976
vocabulary_overlap,0.678,0.7526041666666666,0.050227347713504976
vocabulary_overlap,0.68,0.7578125,0.05108084699461727
vocabulary_overlap,0.682,0.7578125,0.05108084699461727
vocabulary_overlap,0.684,0.7591145833333334,0.04884114409768503
vocabulary_overlap,0.686,0.7591145833333334,0.04884114409768503
vocabulary_overlap,0.6880000000000001,0.76171875,0.04436647145156464
vocabulary_overlap,0.6900000000000001,0.76171875,0.04436647145156464
vocabulary_overlap,0.6920000000000001,0.765625,0.04878904686248749
vocabulary_overlap,0.6940000000000001,0.765625,0.04878904686248749
vocabulary_overlap,0.6960000000000001,0.7682291666666666,0.044423755492791615
vocabulary_overlap,0.6980000000000001,0.7682291666666666,0.044423755492791615
vocabulary_overlap,0.7000000000000001,0.7760416666666666,0.04961603875848346
vocabulary_overlap,0.7020000000000001,0.7760416666666666,0.04961603875848346
vocabulary_overlap,0.704,0.77734375,0.04736076426946149
vocabulary_overlap,0.706,0.77734375,0.04736076426946149
vocabulary_overlap,0.708,0.7825520833333334,0.04852772175412558
vocabulary_overlap,0.71,0.7825520833333334,0.04852772175412558
vocabulary_overlap,0.712,0.7864583333333334,0.04852772175412558
vocabulary_overlap,0.714,0.7864583333333334,0.04852772175412558
vocabulary_overlap,0.716,0.7877604166666666,0.04627436365603349
vocabulary_overlap,0.718,0.7877604166666666,0.04627436365603349
vocabulary_overlap,0.72,0.7877604166666666,0.04627436365603349
vocabulary_overlap,0.722,0.7877604166666666,0.04627436365603349
vocabulary_overlap,0.724,0.7903645833333334,0.041768268052982914
vocabulary_overlap,0.726,0.7903645833333334,0.041768268052982914
vocabulary_overlap,0.728,0.7942708333333334,0.038339666313373585
vocabulary_overlap,0.73,0.7942708333333334,0.038339666313373585
vocabulary_overlap,0.732,0.7955729166666666,0.03951560131638937
vocabulary_overlap,0.734,0.7955729166666666,0.03951560131638937
vocabulary_overlap,0.736,0.8020833333333334,0.038339666313373585
vocabulary_overlap,0.738,0.8020833333333334,0.038339666313373585
vocabulary_overlap,0.74,0.8020833333333334,0.038339666313373585
vocabulary_overlap,0.742,0.8020833333333334,0.038339666313373585
vocabulary_overlap,0.744,0.8046875,0.04078244730043184
vocabulary_overlap,0.746,0.8046875,0.04078244730043184
vocabulary_overlap,0.748,0.80859375,0.034053897996411515
vocabulary_overlap,0.75,0.8111979166666666,0.03275975423283626
vocabulary_overlap,0.752,0.8111979166666666,0.03275975423283626
vocabulary_overlap,0.754,0.8151041666666666,0.036295207981162377
vocabulary_overlap,0.756,0.8151041666666666,0.036295207981162377
vocabulary_overlap,0.758,0.8177083333333334,0.038339666313373585
vocabulary_overlap,0.76,0.8177083333333334,0.038339666313373585
vocabulary_overlap,0.762,0.82421875,0.04078244730043184
vocabulary_overlap,0.764,0.82421875,0.04078244730043184
vocabulary_overlap,0.766,0.83203125,0.02734375
vocabulary_overlap,0.768,0.83203125,0.02734375
vocabulary_overlap,0.77,0.8372395833333334,0.028793417171218725
vocabulary_overlap,0.772,0.8372395833333334,0.028793417171218725
vocabulary_overlap,0.774,0.84375,0.031004898176538172
vocabulary_overlap,0.776,0.84375,0.031004898176538172
vocabulary_overlap,0.778,0.8489583333333334,0.03501127515559571
vocabulary_overlap,0.78,0.8489583333333334,0.03501127515559571
vocabulary_overlap,0.782,0.8541666666666666,0.036295207981162377
vocabulary_overlap,0.784,0.8541666666666666,0.036295207981162377
vocabulary_overlap,0.786,0.8567708333333334,0.03544442080420885
vocabulary_overlap,0.788,0.8567708333333334,0.03544442080420885
vocabulary_overlap,0.79,0.8580729166666666,0.03322226776607571
vocabulary_overlap,0.792,0.8580729166666666,0.03322226776607571
vocabulary_overlap,0.794,0.8645833333333334,0.03501127515559571
vocabulary_overlap,0.796,0.8645833333333334,0.03501127515559571
vocabulary_overlap,0.798,0.8645833333333334,0.03501127515559571
vocabulary_overlap,0.8,0.8645833333333334,0.03501127515559571
vocabulary_overlap,0.802,0.8671875,0.03726325005534944
vocabulary_overlap,0.804,0.8671875,0.03726325005534944
vocabulary_overlap,0.806,0.8671875,0.03726325005534944
vocabulary_overlap,0.808,0.8671875,0.03726325005534944
vocabulary_overlap,0.81,0.8697916666666666,0.03951560131638937
vocabulary_overlap,0.812,0.8697916666666666,0.03951560131638937
vocabulary_overlap,0.8140000000000001,0.8697916666666666,0.03951560131638937
vocabulary_overlap,0.8160000000000001,0.8697916666666666,0.03951560131638937
vocabulary_overlap,0.8180000000000001,0.875,0.030508787796510367
vocabulary_overlap,0.8200000000000001,0.875,0.030508787796510367
vocabulary_overlap,0.8220000000000001,0.8828125,0.020669932117692115
vocabulary_overlap,0.8240000000000001,0.8828125,0.020669932117692115
vocabulary_overlap,0.8260000000000001,0.8841145833333334,0.018460217290049253
vocabulary_overlap,0.8280000000000001,0.8841145833333334,0.018460217290049253
vocabulary_overlap,0.8300000000000001,0.8854166666666666,0.016263015620829165
vocabulary_overlap,0.8320000000000001,0.8854166666666666,0.016263015620829165
vocabulary_overlap,0.834,0.88671875,0.014084184669781208
vocabulary_overlap,0.836,0.8893229166666666,0.013718299157360338
vocabulary_overlap,0.838,0.8893229166666666,0.013718299157360338
vocabulary_overlap,0.84,0.890625,0.014084184669781208
vocabulary_overlap,0.842,0.890625,0.014084184669781208
vocabulary_overlap,0.844,0.89453125,0.015625
vocabulary_overlap,0.846,0.89453125,0.015625
vocabulary_overlap,0.848,0.8958333333333334,0.013718299157360338
vocabulary_overlap,0.85,0.8958333333333334,0.013718299157360338
vocabulary_overlap,0.852,0.8971354166666666,0.011933790872280834
vocabulary_overlap,0.854,0.8971354166666666,0.011933790872280834
vocabulary_overlap,0.856,0.8997395833333334,0.013718299157360338
vocabulary_overlap,0.858,0.8997395833333334,0.013718299157360338
vocabulary_overlap,0.86,0.9036458333333334,0.011933790872280834
vocabulary_overlap,0.862,0.9036458333333334,0.011933790872280834
vocabulary_overlap,0.864,0.90625,0.013531646934131853
vocabulary_overlap,0.866,0.90625,0.013531646934131853
vocabulary_overlap,0.868,0.91015625,0.014084184669781208
vocabulary_overlap,0.87,0.91015625,0.014084184669781208
vocabulary_overlap,0.872,0.91015625,0.014084184669781208
vocabulary_overlap,0.874,0.91015625,0.014084184669781208
vocabulary_overlap,0.876,0.9114583333333334,0.014788823817188212
vocabulary_overlap,0.878,0.9114583333333334,0.014788823817188212
vocabulary_overlap,0.88,0.9127604166666666,0.016263015620829165
vocabulary_overlap,0.882,0.9127604166666666,0.016263015620829165
vocabulary_overlap,0.884,0.9192708333333334,0.021513947450336333
vocabulary_overlap,0.886,0.9192708333333334,0.021513947450336333
vocabulary_overlap,0.888,0.92578125,0.02376079113397742
vocabulary_overlap,0.89,0.92578125,0.02376079113397742
vocabulary_overlap,0.892,0.9348958333333334,0.018460217290049253
vocabulary_overlap,0.894,0.9348958333333334,0.018460217290049253
vocabulary_overlap,0.896,0.9361979166666666,0.016263015620829165
vocabulary_overlap,0.898,0.9361979166666666,0.016263015620829165
vocabulary_overlap,0.9,0.9375,0.014084184669781208
vocabulary_overlap,0.902,0.9375,0.014084184669781208
vocabulary_overlap,0.904,0.9388020833333334,0.014788823817188212
vocabulary_overlap,0.906,0.9388020833333334,0.014788823817188212
vocabulary_overlap,0.908,0.9440104166666666,0.02004531812283939
vocabulary_overlap,0.91,0.9440104166666666,0.02004531812283939
vocabulary_overlap,0.912,0.9505208333333334,0.01761425684696443
vocabulary_overlap,0.914,0.9505208333333334,0.01761425684696443
vocabulary_overlap,0.916,0.9544270833333334,0.01578692142315383
vocabulary_overlap,0.918,0.9544270833333334,0.01578692142315383
vocabulary_overlap,0.92,0.9544270833333334,0.01578692142315383
vocabulary_overlap,0.922,0.9635416666666666,0.01626301562082916
vocabulary_overlap,0.924,0.9635416666666666,0.01626301562082916
vocabulary_overlap,0.926,0.96484375,0.014084184669781208
vocabulary_overlap,0.928,0.96484375,0.014084184669781208
vocabulary_overlap,0.93,0.96484375,0.014084184669781208
vocabulary_overlap,0.932,0.96484375,0.014084184669781208
vocabulary_overlap,0.934,0.9674479166666666,0.012556836928376244
vocabulary_overlap,0.936,0.9674479166666666,0.012556836928376244
vocabulary_overlap,0.9380000000000001,0.9713541666666666,0.013718299157360338
vocabulary_overlap,0.9400000000000001,0.9713541666666666,0.013718299157360338
vocabulary_overlap,0.9420000000000001,0.9752604166666666,0.013718299157360338
vocabulary_overlap,0.9440000000000001,0.9752604166666666,0.013718299157360338
vocabulary_overlap,0.9460000000000001,0.9765625,0.01171875
vocabulary_overlap,0.9480000000000001,0.9765625,0.01171875
vocabulary_overlap,0.9500000000000001,0.9765625,0.01171875
vocabulary_overlap,0.9520000000000001,0.9765625,0.01171875
vocabulary_overlap,0.9540000000000001,0.9765625,0.01171875
vocabulary_overlap,0.9560000000000001,0.9765625,0.01171875
vocabulary_overlap,0.9580000000000001,0.9765625,0.01171875
vocabulary_overlap,0.96,0.9765625,0.01171875
vocabulary_overlap,0.962,0.9765625,0.01171875
vocabulary_overlap,0.964,0.9765625,0.01171875
vocabulary_overlap,0.966,0.98046875,0.0067658234670659265
vocabulary_overlap,0.968,0.98046875,0.0067658234670659265
vocabulary_overlap,0.97,0.9817708333333334,0.005966895436140416
vocabulary_overlap,0.972,0.9817708333333334,0.005966895436140416
vocabulary_overlap,0.974,0.9817708333333334,0.005966895436140416
vocabulary_overlap,0.976,0.9817708333333334,0.005966895436140416
vocabulary_overlap,0.978,0.9830729166666666,0.005966895436140416
vocabulary_overlap,0.98,0.9830729166666666,0.005966895436140416
vocabulary_overlap,0.982,0.9830729166666666,0.005966895436140416
vocabulary_overlap,0.984,0.9830729166666666,0.005966895436140416
vocabulary_overlap,0.986,0.9856770833333334,0.005966895436140416
vocabulary_overlap,0.988,0.9856770833333334,0.005966895436140416
vocabulary_overlap,0.99,0.9908854166666666,0.005966895436140416
vocabulary_overlap,0.992,0.9908854166666666,0.005966895436140416
vocabulary_overlap,0.994,0.99609375,0.00390625
vocabulary_overlap,0.996,0.99609375,0.00390625
vocabulary_overlap,0.998,1.0,0.0
vocabulary_overlap,1.0,1.0,0.0
frequency_estimation,0.0,0.125,0.04133986423538423
frequency_estimation,0.002,0.125,0.04133986423538423
frequency_estimation,0.004,0.16796875,0.03726325005534944
frequency_estimation,0.006,0.16796875,0.03726325005534944
frequency_estimation,0.008,0.20572916666666666,0.043027894900672665
frequency_estimation,0.01,0.20572916666666666,0.043027894900672665
frequency_estimation,0.012,0.21484375,0.03197403426512676
frequency_estimation,0.014,0.21484375,0.03197403426512676
frequency_estimation,0.016,0.22265625,0.02376079113397742
frequency_estimation,0.018000000000000002,0.22265625,0.02376079113397742
frequency_estimation,0.02,0.2265625,0.02376079113397742
frequency_estimation,0.022,0.2265625,0.02376079113397742
frequency_estimation,0.024,0.24088541666666666,0.027713276892959327
frequency_estimation,0.026000000000000002,0.24088541666666666,0.027713276892959327
frequency_estimation,0.028,0.2421875,0.02561499423555469
frequency_estimation,0.03,0.2421875,0.02561499423555469
frequency_estimation,0.032,0.2565104166666667,0.011276372445109878
frequency_estimation,0.034,0.2565104166666667,0.011276372445109878
frequency_estimation,0.036000000000000004,0.2630208333333333,0.009830513587592122
frequency_estimation,0.038,0.2630208333333333,0.009830513587592122
frequency_estimation,0.04,0.2643229166666667,0.00813150781041458
frequency_estimation,0.042,0.2643229166666667,0.00813150781041458
frequency_estimation,0.044,0.265625,0.010334966058846057
frequency_estimation,0.046,0.265625,0.010334966058846057
frequency_estimation,0.048,0.265625,0.010334966058846057
frequency_estimation,0.05,0.265625,0.010334966058846057
frequency_estimation,0.052000000000000005,0.27734375,0.01171875
frequency_estimation,0.054,0.27734375,0.01171875
frequency_estimation,0.056,0.2877604166666667,0.013718299157360336
frequency_estimation,0.058,0.2877604166666667,0.013718299157360336
frequency_estimation,0.06,0.2955729166666667,0.02004531812283939
frequency_estimation,0.062,0.2955729166666667,0.02004531812283939
frequency_estimation,0.064,0.3138020833333333,0.004510548978043952
frequency_estimation,0.066,0.3138020833333333,0.004510548978043952
frequency_estimation,0.068,0.3307291666666667,0.013718299157360336
frequency_estimation,0.07,0.3307291666666667,0.013718299157360336
frequency_estimation,0.07200000000000001,0.3372395833333333,0.014788823817188212
frequency_estimation,0.074,0.3372395833333333,0.014788823817188212
frequency_estimation,0.076,0.3450520833333333,0.014788823817188212
frequency_estimation,0.078,0.3450520833333333,0.014788823817188212
frequency_estimation,0.08,0.3502604166666667,0.012556836928376242
frequency_estimation,0.082,0.3502604166666667,0.012556836928376242
frequency_estimation,0.084,0.3606770833333333,0.01761425684696443
frequency_estimation,0.08600000000000001,0.3697916666666667,0.022552744890219755
frequency_estimation,0.088,0.3697916666666667,0.022552744890219755
frequency_estimation,0.09,0.37890625,0.03197403426512676
frequency_estimation,0.092,0.37890625,0.03197403426512676
frequency_estimation,0.094,0.38671875,0.03767051078512873
frequency_estimation,0.096,0.38671875,0.03767051078512873
frequency_estimation,0.098,0.3919270833333333,0.03544442080420886
frequency_estimation,0.1,0.3919270833333333,0.03544442080420886
frequency_estimation,0.10200000000000001,0.3984375,0.034053897996411515
frequency_estimation,0.10400000000000001,0.3984375,0.034053897996411515
frequency_estimation,0.106,0.4088541666666667,0.0379395892821184
frequency_estimation,0.108,0.4088541666666667,0.0379395892821184
frequency_estimation,0.11,0.4153645833333333,0.039127550003428956
frequency_estimation,0.112,0.4153645833333333,0.039127550003428956
frequency_estimation,0.114,0.4205729166666667,0.0379395892821184
frequency_estimation,0.116,0.4205729166666667,0.0379395892821184
frequency_estimation,0.11800000000000001,0.42578125,0.04078244730043184
frequency_estimation,0.12,0.42578125,0.04078244730043184
frequency_estimation,0.122,0.4348958333333333,0.043905508593977516
frequency_estimation,0.124,0.4348958333333333,0.043905508593977516
frequency_estimation,0.126,0.4401041666666667,0.03932205435036849
frequency_estimation,0.128,0.4401041666666667,0.03932205435036849
frequency_estimation,0.13,0.4427083333333333,0.04009063624567878
frequency_estimation,0.132,0.4427083333333333,0.04009063624567878
frequency_estimation,0.134,0.4544270833333333,0.042132004394175616
frequency_estimation,0.136,0.4544270833333333,0.042132004394175616
frequency_estimation,0.138,0.45703125,0.04133986423538423
frequency_estimation,0.14,0.45703125,0.04133986423538423
frequency_estimation,0.14200000000000002,0.4596354166666667,0.04355658511374409
frequency_estimation,0.14400000000000002,0.4596354166666667,0.04355658511374409
frequency_estimation,0.146,0.4622395833333333,0.04660294314628459
frequency_estimation,0.148,0.4622395833333333,0.04660294314628459
frequency_estimation,0.15,0.4661458333333333,0.04285021529141754
frequency_estimation,0.152,0.4661458333333333,0.04285021529141754
frequency_estimation,0.154,0.46875,0.04225255400934363
frequency_estimation,0.156,0.46875,0.04225255400934363
frequency_estimation,0.158,0.4778645833333333,0.027436598314720673
frequency_estimation,0.16,0.4778645833333333,0.027436598314720673
frequency_estimation,0.162,0.4830729166666667,0.033222267766075717
frequency_estimation,0.164,0.4830729166666667,0.033222267766075717
frequency_estimation,0.166,0.4869791666666667,0.037126503722352225
frequency_estimation,0.168,0.48828125,0.0390625
frequency_estimation,0.17,0.48828125,0.0390625
frequency_estimation,0.17200000000000001,0.4947916666666667,0.03133127451957283
frequency_estimation,0.17400000000000002,0.4947916666666667,0.03133127451957283
frequency_estimation,0.176,0.49609375,0.03125
frequency_estimation,0.178,0.49609375,0.03125
frequency_estimation,0.18,0.4973958333333333,0.033222267766075717
frequency_estimation,0.182,0.4973958333333333,0.033222267766075717
frequency_estimation,0.184,0.5013020833333334,0.03322226776607571
frequency_estimation,0.186,0.5013020833333334,0.03322226776607571
frequency_estimation,0.188,0.5026041666666666,0.03522851369392886
frequency_estimation,0.19,0.5026041666666666,0.03522851369392886
frequency_estimation,0.192,0.5078125,0.03197403426512676
frequency_estimation,0.194,0.5078125,0.03197403426512676
frequency_estimation,0.196,0.515625,0.03964410767614148
frequency_estimation,0.198,0.515625,0.03964410767614148
frequency_estimation,0.2,0.5208333333333334,0.03712650372235222
frequency_estimation,0.202,0.5208333333333334,0.03712650372235222
frequency_estimation,0.20400000000000001,0.5208333333333334,0.03712650372235222
frequency_estimation,0.20600000000000002,0.5208333333333334,0.03712650372235222
frequency_estimation,0.20800000000000002,0.5260416666666666,0.03522851369392886
frequency_estimation,0.21,0.5260416666666666,0.03522851369392886
frequency_estimation,0.212,0.5286458333333334,0.03544442080420885
frequency_estimation,0.214,0.5286458333333334,0.03544442080420885
frequency_estimation,0.216,0.5286458333333334,0.03544442080420885
frequency_estimation,0.218,0.5286458333333334,0.03544442080420885
frequency_estimation,0.22,0.53515625,0.03515625
frequency_estimation,0.222,0.53515625,0.03515625
frequency_estimation,0.224,0.5403645833333334,0.03133127451957282
frequency_estimation,0.226,0.5403645833333334,0.03133127451957282
frequency_estimation,0.228,0.5442708333333334,0.03322226776607571
frequency_estimation,0.23,0.5442708333333334,0.03322226776607571
frequency_estimation,0.232,0.546875,0.0333750146301466
frequency_estimation,0.234,0.546875,0.0333750146301466
frequency_estimation,0.23600000000000002,0.5494791666666666,0.029318568357285683
frequency_estimation,0.23800000000000002,0.5494791666666666,0.029318568357285683
frequency_estimation,0.24,0.55078125,0.03125
frequency_estimation,0.242,0.55078125,0.03125
frequency_estimation,0.244,0.55859375,0.028168369339562415
frequency_estimation,0.246,0.55859375,0.028168369339562415
frequency_estimation,0.248,0.5598958333333334,0.029834477180702083
frequency_estimation,0.25,0.5651041666666666,0.030341615098257925
frequency_estimation,0.252,0.5651041666666666,0.030341615098257925
frequency_estimation,0.254,0.56640625,0.028168369339562415
frequency_estimation,0.256,0.56640625,0.028168369339562415
frequency_estimation,0.258,0.5677083333333334,0.026009094212810127
frequency_estimation,0.26,0.5677083333333334,0.026009094212810127
frequency_estimation,0.262,0.57421875,0.03125
frequency_estimation,0.264,0.57421875,0.03125
frequency_estimation,0.266,0.578125,0.03726325005534944
frequency_estimation,0.268,0.578125,0.03726325005534944
frequency_estimation,0.27,0.5808854166666667,0.039369522601827855
frequency_estimation,0.272,0.5815520833333333,0.04040602442576891
frequency_estimation,0.274,0.5846354166666666,0.04103112306403315
frequency_estimation,0.276,0.5846354166666666,0.04103112306403315
frequency_estimation,0.278,0.5846354166666666,0.04103112306403315
frequency_estimation,0.28,0.5846354166666666,0.04103112306403315
frequency_estimation,0.28200000000000003,0.5874895833333333,0.043391672468151475
frequency_estimation,0.28400000000000003,0.58815625,0.04436782512418207
frequency_estimation,0.28600000000000003,0.5885416666666666,0.044936025850878636
frequency_estimation,0.28800000000000003,0.5885416666666666,0.044936025850878636
frequency_estimation,0.29,0.5911458333333334,0.04884114409768503
frequency_estimation,0.292,0.5911458333333334,0.04884114409768503
frequency_estimation,0.294,0.59375,0.04894517221149089
frequency_estimation,0.296,0.59375,0.04894517221149089
frequency_estimation,0.298,0.6002604166666666,0.05542655378591865
frequency_estimation,0.3,0.6002604166666666,0.05542655378591865
frequency_estimation,0.302,0.6028645833333334,0.059668954361404174
frequency_estimation,0.304,0.6028645833333334,0.059668954361404174
frequency_estimation,0.306,0.6028645833333334,0.059668954361404174
frequency_estimation,0.308,0.6028645833333334,0.059668954361404174
frequency_estimation,0.31,0.6041666666666666,0.05798292728701125
frequency_estimation,0.312,0.6041666666666666,0.05798292728701125
frequency_estimation,0.314,0.6106770833333334,0.059668954361404174
frequency_estimation,0.316,0.6106770833333334,0.059668954361404174
frequency_estimation,0.318,0.61328125,0.057542655713500916
frequency_estimation,0.32,0.61328125,0.057542655713500916
frequency_estimation,0.322,0.61328125,0.057542655713500916
frequency_estimation,0.324,0.61328125,0.057542655713500916
frequency_estimation,0.326,0.6145833333333334,0.059668954361404174
frequency_estimation,0.328,0.6145833333333334,0.059668954361404174
frequency_estimation,0.33,0.6145833333333334,0.059668954361404174
frequency_estimation,0.332,0.6145833333333334,0.059668954361404174
frequency_estimation,0.334,0.6171875,0.05633673867912483
frequency_estimation,0.336,0.6184895833333334,0.05473398322131172
frequency_estimation,0.338,0.6184895833333334,0.05473398322131172
frequency_estimation,0.34,0.6236979166666666,0.05157630812588114
frequency_estimation,0.342,0.6236979166666666,0.05157630812588114
frequency_estimation,0.34400000000000003,0.6236979166666666,0.05157630812588114
frequency_estimation,0.34600000000000003,0.6236979166666666,0.05157630812588114
frequency_estimation,0.34800000000000003,0.6276041666666666,0.05157630812588114
frequency_estimation,0.35000000000000003,0.6276041666666666,0.05157630812588114
frequency_estimation,0.352,0.6302083333333334,0.04946203102401713
frequency_estimation,0.354,0.6302083333333334,0.04946203102401713
frequency_estimation,0.356,0.6302083333333334,0.04946203102401713
frequency_estimation,0.358,0.6302083333333334,0.04946203102401713
frequency_estimation,0.36,0.6328125,0.05370205892526375
frequency_estimation,0.362,0.6328125,0.05370205892526375
frequency_estimation,0.364,0.6328125,0.05370205892526375
frequency_estimation,0.366,0.6328125,0.05370205892526375
frequency_estimation,0.368,0.6341145833333334,0.055837973027061366
frequency_estimation,0.37,0.6341145833333334,0.055837973027061366
frequency_estimation,0.372,0.6471354166666666,0.0625406768673064
frequency_estimation,0.374,0.6471354166666666,0.0625406768673064
frequency_estimation,0.376,0.65234375,0.05859375
frequency_estimation,0.378,0.65234375,0.05859375
frequency_estimation,0.38,0.6536458333333334,0.05863713671457137
frequency_estimation,0.382,0.6536458333333334,0.05863713671457137
frequency_estimation,0.384,0.6575520833333334,0.0625406768673064
frequency_estimation,0.386,0.6575520833333334,0.0625406768673064
frequency_estimation,0.388,0.6588541666666666,0.06266254903914566
frequency_estimation,0.39,0.6588541666666666,0.06266254903914566
frequency_estimation,0.392,0.6588541666666666,0.06266254903914566
frequency_estimation,0.394,0.6588541666666666,0.06266254903914566
frequency_estimation,0.396,0.6640625,0.0667500292602932
frequency_estimation,0.398,0.6640625,0.0667500292602932
frequency_estimation,0.4,0.66796875,0.06064130740726572
frequency_estimation,0.402,0.66796875,0.06064130740726572
frequency_estimation,0.404,0.6705729166666666,0.06446298851295086
frequency_estimation,0.406,0.6705729166666666,0.06446298851295086
frequency_estimation,0.40800000000000003,0.671875,0.064541842351009
frequency_estimation,0.41000000000000003,0.671875,0.064541842351009
frequency_estimation,0.41200000000000003,0.6744791666666666,0.06055737476163273
frequency_estimation,0.41400000000000003,0.6744791666666666,0.06055737476163273
frequency_estimation,0.41600000000000004,0.6770833333333334,0.06446298851295086
frequency_estimation,0.418,0.6796875,0.06640625
frequency_estimation,0.42,0.6796875,0.06640625
frequency_estimation,0.422,0.6848958333333334,0.07227442232488498
frequency_estimation,0.424,0.6848958333333334,0.07227442232488498
frequency_estimation,0.426,0.7005208333333334,0.059668954361404174
frequency_estimation,0.428,0.7005208333333334,0.059668954361404174
frequency_estimation,0.43,0.703125,0.057542655713500916
frequency_estimation,0.432,0.703125,0.057542655713500916
frequency_estimation,0.434,0.703125,0.057542655713500916
frequency_estimation,0.436,0.703125,0.057542655713500916
frequency_estimation,0.438,0.7057291666666666,0.0592841272803761
frequency_estimation,0.44,0.7057291666666666,0.0592841272803761
frequency_estimation,0.442,0.7109375,0.057542655713500916
frequency_estimation,0.444,0.7109375,0.057542655713500916
frequency_estimation,0.446,0.7122395833333334,0.059668954361404174
frequency_estimation,0.448,0.7122395833333334,0.059668954361404174
frequency_estimation,0.45,0.71484375,0.05633673867912483
frequency_estimation,0.452,0.71484375,0.05633673867912483
frequency_estimation,0.454,0.71484375,0.05633673867912483
frequency_estimation,0.456,0.71484375,0.05633673867912483
frequency_estimation,0.458,0.7174479166666666,0.05317858816839098
frequency_estimation,0.46,0.7174479166666666,0.05317858816839098
frequency_estimation,0.462,0.71875,0.051674830294230284
frequency_estimation,0.464,0.71875,0.051674830294230284
frequency_estimation,0.466,0.71875,0.051674830294230284
frequency_estimation,0.468,0.71875,0.051674830294230284
frequency_estimation,0.47000000000000003,0.72265625,0.05833275204323468
frequency_estimation,0.47200000000000003,0.72265625,0.05833275204323468
frequency_estimation,0.47400000000000003,0.7239583333333334,0.05758683434243746
frequency_estimation,0.47600000000000003,0.7239583333333334,0.05758683434243746
frequency_estimation,0.47800000000000004,0.7278645833333334,0.05758683434243746
frequency_estimation,0.48,0.7278645833333334,0.05758683434243746
frequency_estimation,0.482,0.73046875,0.055380651870147755
frequency_estimation,0.484,0.73046875,0.055380651870147755
frequency_estimation,0.486,0.734375,0.051674830294230284
frequency_estimation,0.488,0.734375,0.051674830294230284
frequency_estimation,0.49,0.734375,0.051674830294230284
frequency_estimation,0.492,0.734375,0.051674830294230284
frequency_estimation,0.494,0.734375,0.051674830294230284
frequency_estimation,0.496,0.734375,0.051674830294230284
frequency_estimation,0.498,0.7356770833333334,0.05022734771350497
frequency_estimation,0.5,0.7369791666666666,0.04884114409768503
frequency_estimation,0.502,0.7369791666666666,0.04884114409768503
frequency_estimation,0.504,0.7421875,0.0546875
frequency_estimation,0.506,0.7421875,0.0546875
frequency_estimation,0.508,0.7447916666666666,0.05915529526875286
frequency_estimation,0.51,0.7447916666666666,0.05915529526875286
frequency_estimation,0.512,0.7447916666666666,0.05915529526875286
frequency_estimation,0.514,0.7447916666666666,0.05915529526875286
frequency_estimation,0.516,0.74609375,0.057807221042768524
frequency_estimation,0.518,0.74609375,0.057807221042768524
frequency_estimation,0.52,0.7473958333333334,0.05651701670367372
frequency_estimation,0.522,0.7473958333333334,0.05651701670367372
frequency_estimation,0.524,0.7486979166666666,0.055564032013937156
frequency_estimation,0.526,0.7486979166666666,0.055564032013937156
frequency_estimation,0.528,0.7526041666666666,0.05876710466873311
frequency_estimation,0.53,0.7526041666666666,0.05876710466873311
frequency_estimation,0.532,0.7526041666666666,0.05876710466873311
frequency_estimation,0.534,0.7526041666666666,0.05876710466873311
frequency_estimation,0.536,0.7552083333333334,0.056920554672902066
frequency_estimation,0.538,0.7552083333333334,0.056920554672902066
frequency_estimation,0.54,0.7565104166666666,0.055564032013937156
frequency_estimation,0.542,0.7565104166666666,0.055564032013937156
frequency_estimation,0.544,0.7565104166666666,0.055564032013937156
frequency_estimation,0.546,0.7565104166666666,0.055564032013937156
frequency_estimation,0.548,0.7578125,0.057807221042768524
frequency_estimation,0.55,0.7578125,0.057807221042768524
frequency_estimation,0.552,0.7591145833333334,0.056920554672902066
frequency_estimation,0.554,0.7591145833333334,0.056920554672902066
frequency_estimation,0.556,0.76171875,0.055380651870147755
frequency_estimation,0.558,0.76171875,0.055380651870147755
frequency_estimation,0.56,0.7643229166666666,0.05317858816839098
frequency_estimation,0.562,0.7643229166666666,0.05317858816839098
frequency_estimation,0.5640000000000001,0.765625,0.051674830294230284
frequency_estimation,0.5660000000000001,0.765625,0.051674830294230284
frequency_estimation,0.5680000000000001,0.7708333333333334,0.04821226193118129
frequency_estimation,0.5700000000000001,0.7708333333333334,0.04821226193118129
frequency_estimation,0.5720000000000001,0.7760416666666666,0.04946203102401713
frequency_estimation,0.5740000000000001,0.7760416666666666,0.04946203102401713
frequency_estimation,0.5760000000000001,0.7786458333333334,0.05022734771350497
frequency_estimation,0.578,0.7786458333333334,0.05022734771350497
frequency_estimation,0.58,0.7786458333333334,0.05022734771350497
frequency_estimation,0.582,0.7786458333333334,0.05022734771350497
frequency_estimation,0.584,0.7786458333333334,0.05022734771350497
frequency_estimation,0.586,0.783875,0.048826992486866325
frequency_estimation,0.588,0.7845416666666667,0.04838616567414527
frequency_estimation,0.59,0.78515625,0.04800080362283011
frequency_estimation,0.592,0.78515625,0.04800080362283011
frequency_estimation,0.594,0.7864583333333334,0.05022734771350497
frequency_estimation,0.596,0.7864583333333334,0.05022734771350497
frequency_estimation,0.598,0.7864583333333334,0.05022734771350497
frequency_estimation,0.6,0.7864583333333334,0.05022734771350497
frequency_estimation,0.602,0.7890625,0.04752158226795484
frequency_estimation,0.604,0.7890625,0.04752158226795484
frequency_estimation,0.606,0.79296875,0.04800080362283011
frequency_estimation,0.608,0.79296875,0.04800080362283011
frequency_estimation,0.61,0.7942708333333334,0.05022734771350497
frequency_estimation,0.612,0.7942708333333334,0.05022734771350497
frequency_estimation,0.614,0.7994791666666666,0.05317858816839098
frequency_estimation,0.616,0.7994791666666666,0.05317858816839098
frequency_estimation,0.618,0.7994791666666666,0.05317858816839098
frequency_estimation,0.62,0.7994791666666666,0.05317858816839098
frequency_estimation,0.622,0.8046875,0.051674830294230284
frequency_estimation,0.624,0.8046875,0.051674830294230284
frequency_estimation,0.626,0.80859375,0.04752158226795484
frequency_estimation,0.628,0.80859375,0.04752158226795484
frequency_estimation,0.63,0.8098958333333334,0.04976956993129269
frequency_estimation,0.632,0.8098958333333334,0.04976956993129269
frequency_estimation,0.634,0.8111979166666666,0.04884114409768503
frequency_estimation,0.636,0.8111979166666666,0.04884114409768503
frequency_estimation,0.638,0.8125,0.04752158226795484
frequency_estimation,0.64,0.8125,0.04752158226795484
frequency_estimation,0.642,0.8138020833333334,0.04976956993129269
frequency_estimation,0.644,0.8138020833333334,0.04976956993129269
frequency_estimation,0.646,0.8151041666666666,0.052018188425620254
frequency_estimation,0.648,0.8151041666666666,0.052018188425620254
frequency_estimation,0.65,0.8151041666666666,0.052018188425620254
frequency_estimation,0.652,0.8151041666666666,0.052018188425620254
frequency_estimation,0.654,0.8177083333333334,0.04961603875848346
frequency_estimation,0.656,0.8177083333333334,0.04961603875848346
frequency_estimation,0.658,0.8190104166666666,0.04852772175412558
frequency_estimation,0.66,0.8190104166666666,0.04852772175412558
frequency_estimation,0.662,0.8229166666666666,0.04510548978043951
frequency_estimation,0.664,0.8229166666666666,0.04510548978043951
frequency_estimation,0.666,0.8255208333333334,0.04627436365603349
frequency_estimation,0.668,0.8268229166666666,0.04852772175412558
frequency_estimation,0.67,0.8268229166666666,0.04852772175412558
frequency_estimation,0.672,0.828125,0.04736076426946149
frequency_estimation,0.674,0.828125,0.04736076426946149
frequency_estimation,0.676,0.828125,0.04736076426946149
frequency_estimation,0.678,0.828125,0.04736076426946149
frequency_estimation,0.68,0.83203125,0.044021201834315016
frequency_estimation,0.682,0.83203125,0.044021201834315016
frequency_estimation,0.684,0.8333333333333334,0.04627436365603349
frequency_estimation,0.686,0.8333333333333334,0.04627436365603349
frequency_estimation,0.6880000000000001,0.8359375,0.044021201834315016
frequency_estimation,0.6900000000000001,0.8359375,0.044021201834315016
frequency_estimation,0.6920000000000001,0.8385416666666666,0.04852772175412558
frequency_estimation,0.6940000000000001,0.8385416666666666,0.04852772175412558
frequency_estimation,0.6960000000000001,0.8450520833333334,0.04302789490067267
frequency_estimation,0.6980000000000001,0.8450520833333334,0.04302789490067267
frequency_estimation,0.7000000000000001,0.8463541666666666,0.04527431940290028
frequency_estimation,0.7020000000000001,0.8463541666666666,0.04527431940290028
frequency_estimation,0.704,0.8463541666666666,0.04527431940290028
frequency_estimation,0.706,0.8463541666666666,0.04527431940290028
frequency_estimation,0.708,0.8502604166666666,0.04527431940290028
frequency_estimation,0.71,0.8502604166666666,0.04527431940290028
frequency_estimation,0.712,0.8502604166666666,0.04527431940290028
frequency_estimation,0.714,0.8502604166666666,0.04527431940290028
frequency_estimation,0.716,0.8541666666666666,0.04285021529141753
frequency_estimation,0.718,0.8541666666666666,0.04285021529141753
frequency_estimation,0.72,0.85546875,0.04225255400934363
frequency_estimation,0.722,0.85546875,0.04225255400934363
frequency_estimation,0.724,0.8606770833333334,0.04355658511374409
frequency_estimation,0.726,0.8606770833333334,0.04355658511374409
frequency_estimation,0.728,0.8606770833333334,0.04355658511374409
frequency_estimation,0.73,0.8606770833333334,0.04355658511374409
frequency_estimation,0.732,0.8658854166666666,0.039127550003428956
frequency_estimation,0.734,0.8658854166666666,0.039127550003428956
frequency_estimation,0.736,0.8671875,0.04133986423538423
frequency_estimation,0.738,0.8671875,0.04133986423538423
frequency_estimation,0.74,0.8671875,0.04133986423538423
frequency_estimation,0.742,0.8671875,0.04133986423538423
frequency_estimation,0.744,0.8684895833333334,0.03989987876574105
frequency_estimation,0.746,0.8684895833333334,0.03989987876574105
frequency_estimation,0.748,0.8723958333333334,0.0369204345800985
frequency_estimation,0.75,0.875,0.03471950944263902
frequency_estimation,0.752,0.875,0.03471950944263902
frequency_estimation,0.754,0.875,0.03471950944263902
frequency_estimation,0.756,0.875,0.03471950944263902
frequency_estimation,0.758,0.8776041666666666,0.031814561778308895
frequency_estimation,0.76,0.8776041666666666,0.031814561778308895
frequency_estimation,0.762,0.87890625,0.031004898176538172
frequency_estimation,0.764,0.87890625,0.031004898176538172
frequency_estimation,0.766,0.8802083333333334,0.029577647634376425
frequency_estimation,0.768,0.8802083333333334,0.029577647634376425
frequency_estimation,0.77,0.8855729166666667,0.03838039881268605
frequency_estimation,0.772,0.8862395833333334,0.03772174456491684
frequency_estimation,0.774,0.88671875,0.03726325005534944
frequency_estimation,0.776,0.88671875,0.03726325005534944
frequency_estimation,0.778,0.890625,0.03471950944263902
frequency_estimation,0.78,0.890625,0.03471950944263902
frequency_estimation,0.782,0.8932291666666666,0.03252603124165832
frequency_estimation,0.784,0.8932291666666666,0.03252603124165832
frequency_estimation,0.786,0.8958333333333334,0.034128495890836344
frequency_estimation,0.788,0.8958333333333334,0.034128495890836344
frequency_estimation,0.79,0.8958333333333334,0.034128495890836344
frequency_estimation,0.792,0.8958333333333334,0.034128495890836344
frequency_estimation,0.794,0.8958333333333334,0.034128495890836344
frequency_estimation,0.796,0.8958333333333334,0.034128495890836344
frequency_estimation,0.798,0.8958333333333334,0.034128495890836344
frequency_estimation,0.8,0.8958333333333334,0.034128495890836344
frequency_estimation,0.802,0.9010416666666666,0.04009063624567878
frequency_estimation,0.804,0.9010416666666666,0.04009063624567878
frequency_estimation,0.806,0.9010416666666666,0.04009063624567878
frequency_estimation,0.808,0.9010416666666666,0.04009063624567878
frequency_estimation,0.81,0.9010416666666666,0.04009063624567878
frequency_estimation,0.812,0.9010416666666666,0.04009063624567878
frequency_estimation,0.8140000000000001,0.9036458333333334,0.0379395892821184
frequency_estimation,0.8160000000000001,0.9036458333333334,0.0379395892821184
frequency_estimation,0.8180000000000001,0.90625,0.04225255400934363
frequency_estimation,0.8200000000000001,0.90625,0.04225255400934363
frequency_estimation,0.8220000000000001,0.90625,0.04225255400934363
frequency_estimation,0.8240000000000001,0.90625,0.04225255400934363
frequency_estimation,0.8260000000000001,0.90625,0.04225255400934363
frequency_estimation,0.8280000000000001,0.90625,0.04225255400934363
frequency_estimation,0.8300000000000001,0.9075520833333334,0.0406575390520729
frequency_estimation,0.8320000000000001,0.9075520833333334,0.0406575390520729
frequency_estimation,0.834,0.9075520833333334,0.0406575390520729
frequency_estimation,0.836,0.9075520833333334,0.0406575390520729
frequency_estimation,0.838,0.9075520833333334,0.0406575390520729
frequency_estimation,0.84,0.9140625,0.04078244730043184
frequency_estimation,0.842,0.9140625,0.04078244730043184
frequency_estimation,0.844,0.9205729166666666,0.036295207981162377
frequency_estimation,0.846,0.9205729166666666,0.036295207981162377
frequency_estimation,0.848,0.9231770833333334,0.03544442080420885
frequency_estimation,0.85,0.9231770833333334,0.03544442080420885
frequency_estimation,0.852,0.9231770833333334,0.03544442080420885
frequency_estimation,0.854,0.9231770833333334,0.03544442080420885
frequency_estimation,0.856,0.9244791666666666,0.03367843009473324
frequency_estimation,0.858,0.9244791666666666,0.03367843009473324
frequency_estimation,0.86,0.9272916666666666,0.033541140976729354
frequency_estimation,0.862,0.9279583333333333,0.034567081711085086
frequency_estimation,0.864,0.9283854166666666,0.03522851369392886
frequency_estimation,0.866,0.9283854166666666,0.03522851369392886
frequency_estimation,0.868,0.9283854166666666,0.03522851369392886
frequency_estimation,0.87,0.9283854166666666,0.03522851369392886
frequency_estimation,0.872,0.9283854166666666,0.03522851369392886
frequency_estimation,0.874,0.9283854166666666,0.03522851369392886
frequency_estimation,0.876,0.9309895833333334,0.03712650372235222
frequency_estimation,0.878,0.9309895833333334,0.03712650372235222
frequency_estimation,0.88,0.9322916666666666,0.03712650372235222
frequency_estimation,0.882,0.9322916666666666,0.03712650372235222
frequency_estimation,0.884,0.9361979166666666,0.0379395892821184
frequency_estimation,0.886,0.9361979166666666,0.0379395892821184
frequency_estimation,0.888,0.9388020833333334,0.036295207981162377
frequency_estimation,0.89,0.9388020833333334,0.036295207981162377
frequency_estimation,0.892,0.94140625,0.03767051078512873
frequency_estimation,0.894,0.94140625,0.03767051078512873
frequency_estimation,0.896,0.9453125,0.03847210078826603
frequency_estimation,0.898,0.9453125,0.03847210078826603
frequency_estimation,0.9,0.9453125,0.03847210078826603
frequency_estimation,0.902,0.9453125,0.03847210078826603
frequency_estimation,0.904,0.9466145833333334,0.036295207981162377
frequency_estimation,0.906,0.9466145833333334,0.036295207981162377
frequency_estimation,0.908,0.94921875,0.0358013726168425
frequency_estimation,0.91,0.94921875,0.0358013726168425
frequency_estimation,0.912,0.95703125,0.0234375
frequency_estimation,0.914,0.95703125,0.0234375
frequency_estimation,0.916,0.9576770833333333,0.022475710268717485
frequency_estimation,0.918,0.9583333333333334,0.021513947450336333
frequency_estimation,0.92,0.9583333333333334,0.021513947450336333
frequency_estimation,0.922,0.9596354166666666,0.021513947450336336
frequency_estimation,0.924,0.9596354166666666,0.021513947450336336
frequency_estimation,0.926,0.9635416666666666,0.01578692142315383
frequency_estimation,0.928,0.9635416666666666,0.01578692142315383
frequency_estimation,0.93,0.96484375,0.01790068630842125
frequency_estimation,0.932,0.96484375,0.01790068630842125
frequency_estimation,0.934,0.9661458333333334,0.01761425684696443
frequency_estimation,0.936,0.9661458333333334,0.01761425684696443
frequency_estimation,0.9380000000000001,0.96875,0.015625
frequency_estimation,0.9400000000000001,0.96875,0.015625
frequency_estimation,0.9420000000000001,0.9700520833333334,0.01761425684696443
frequency_estimation,0.9440000000000001,0.9700520833333334,0.01761425684696443
frequency_estimation,0.9460000000000001,0.97265625,0.01953125
frequency_estimation,0.9480000000000001,0.97265625,0.01953125
frequency_estimation,0.9500000000000001,0.9765625,0.015625
frequency_estimation,0.9520000000000001,0.9765625,0.015625
frequency_estimation,0.9540000000000001,0.9778645833333334,0.01578692142315383
frequency_estimation,0.9560000000000001,0.9778645833333334,0.01578692142315383
frequency_estimation,0.9580000000000001,0.9791666666666666,0.013718299157360338
frequency_estimation,0.96,0.9791666666666666,0.013718299157360338
frequency_estimation,0.962,0.98046875,0.014084184669781208
frequency_estimation,0.964,0.98046875,0.014084184669781208
frequency_estimation,0.966,0.984375,0.01171875
frequency_estimation,0.968,0.984375,0.01171875
frequency_estimation,0.97,0.98828125,0.010334966058846057
frequency_estimation,0.972,0.98828125,0.010334966058846057
frequency_estimation,0.974,0.9895833333333334,0.009830513587592123
frequency_estimation,0.976,0.9895833333333334,0.009830513587592123
frequency_estimation,0.978,0.9895833333333334,0.009830513587592123
frequency_estimation,0.98,0.9895833333333334,0.009830513587592123
frequency_estimation,0.982,0.9921875,0.0078125
frequency_estimation,0.984,0.9921875,0.0078125
frequency_estimation,0.986,0.99609375,0.00390625
frequency_estimation,0.988,0.99609375,0.00390625
frequency_estimation,0.99,0.9973958333333334,0.004510548978043951
frequency_estimation,0.992,0.9973958333333334,0.004510548978043951
frequency_estimation,0.994,0.9986979166666666,0.002255274489021976
frequency_estimation,0.996,0.9986979166666666,0.002255274489021976
frequency_estimation,0.998,1.0,0.0
frequency_estimation,1.0,1.0,0.0
merge_similarity,0.0,0.00390625,0.00390625
merge_similarity,0.002,0.00390625,0.00390625
merge_similarity,0.004,0.0078125,0.00390625
merge_similarity,0.006,0.0078125,0.00390625
merge_similarity,0.008,0.009114583333333334,0.002255274489021976
merge_similarity,0.01,0.009114583333333334,0.002255274489021976
merge_similarity,0.012,0.022135416666666668,0.004510548978043952
merge_similarity,0.014,0.022135416666666668,0.004510548978043952
merge_similarity,0.016,0.0234375,0.00390625
merge_similarity,0.018000000000000002,0.0234375,0.00390625
merge_similarity,0.02,0.03125,0.01171875
merge_similarity,0.022,0.03125,0.01171875
merge_similarity,0.024,0.03515625,0.01171875
merge_similarity,0.026000000000000002,0.03515625,0.01171875
merge_similarity,0.028,0.037760416666666664,0.013718299157360336
merge_similarity,0.03,0.037760416666666664,0.013718299157360336
merge_similarity,0.032,0.0390625,0.014084184669781208
merge_similarity,0.034,0.0390625,0.014084184669781208
merge_similarity,0.036000000000000004,0.0390625,0.014084184669781208
merge_similarity,0.038,0.0390625,0.014084184669781208
merge_similarity,0.04,0.0390625,0.014084184669781208
merge_similarity,0.042,0.0390625,0.014084184669781208
merge_similarity,0.044,0.041666666666666664,0.01626301562082916
merge_similarity,0.046,0.041666666666666664,0.01626301562082916
merge_similarity,0.048,0.05078125,0.01790068630842125
merge_similarity,0.05,0.05078125,0.01790068630842125
merge_similarity,0.052000000000000005,0.053385416666666664,0.02004531812283939
merge_similarity,0.054,0.053385416666666664,0.02004531812283939
merge_similarity,0.056,0.053385416666666664,0.02004531812283939
merge_similarity,0.058,0.053385416666666664,0.02004531812283939
merge_similarity,0.06,0.055989583333333336,0.019661027175184243
merge_similarity,0.062,0.055989583333333336,0.019661027175184243
merge_similarity,0.064,0.057291666666666664,0.021513947450336336
merge_similarity,0.066,0.057291666666666664,0.021513947450336336
merge_similarity,0.068,0.06510416666666667,0.01127637244510988
merge_similarity,0.07,0.06510416666666667,0.01127637244510988
merge_similarity,0.07200000000000001,0.06901041666666667,0.011933790872280834
merge_similarity,0.074,0.06901041666666667,0.011933790872280834
merge_similarity,0.076,0.07421875,0.0078125
merge_similarity,0.078,0.07421875,0.0078125
merge_similarity,0.08,0.078125,0.010334966058846057
merge_similarity,0.082,0.078125,0.010334966058846057
merge_similarity,0.084,0.08723958333333333,0.005966895436140416
merge_similarity,0.08600000000000001,0.09114583333333333,0.005966895436140416
merge_similarity,0.088,0.09114583333333333,0.005966895436140416
merge_similarity,0.09,0.09895833333333333,0.004510548978043951
merge_similarity,0.092,0.09895833333333333,0.004510548978043951
merge_similarity,0.094,0.1015625,0.00390625
merge_similarity,0.096,0.1015625,0.00390625
merge_similarity,0.098,0.10807291666666667,0.004510548978043951
merge_similarity,0.1,0.10807291666666667,0.004510548978043951
merge_similarity,0.10200000000000001,0.11197916666666667,0.005966895436140416
merge_similarity,0.10400000000000001,0.11197916666666667,0.005966895436140416
merge_similarity,0.106,0.11979166666666667,0.01578692142315383
merge_similarity,0.108,0.11979166666666667,0.01578692142315383
merge_similarity,0.11,0.13020833333333334,0.005966895436140416
merge_similarity,0.112,0.13020833333333334,0.005966895436140416
merge_similarity,0.114,0.13541666666666666,0.005966895436140416
merge_similarity,0.116,0.13541666666666666,0.005966895436140416
merge_similarity,0.11800000000000001,0.13541666666666666,0.005966895436140416
merge_similarity,0.12,0.13541666666666666,0.005966895436140416
merge_similarity,0.122,0.14322916666666666,0.013718299157360336
merge_similarity,0.124,0.14322916666666666,0.013718299157360336
merge_similarity,0.126,0.14453125,0.014084184669781208
merge_similarity,0.128,0.14453125,0.014084184669781208
merge_similarity,0.13,0.14453125,0.014084184669781208
merge_similarity,0.132,0.14453125,0.014084184669781208
merge_similarity,0.134,0.15364583333333334,0.022211877746395808
merge_similarity,0.136,0.15364583333333334,0.022211877746395808
merge_similarity,0.138,0.15625,0.020669932117692115
merge_similarity,0.14,0.15625,0.020669932117692115
merge_similarity,0.14200000000000002,0.17578125,0.00390625
merge_similarity,0.14400000000000002,0.17578125,0.00390625
merge_similarity,0.146,0.18098958333333334,0.012556836928376244
merge_similarity,0.148,0.18098958333333334,0.012556836928376244
merge_similarity,0.15,0.18098958333333334,0.012556836928376244
merge_similarity,0.152,0.18098958333333334,0.012556836928376244
merge_similarity,0.154,0.19270833333333334,0.011933790872280832
merge_similarity,0.156,0.19270833333333334,0.011933790872280832
merge_similarity,0.158,0.19791666666666666,0.01578692142315383
merge_similarity,0.16,0.19791666666666666,0.01578692142315383
merge_similarity,0.162,0.20572916666666666,0.016263015620829165
merge_similarity,0.164,0.20572916666666666,0.016263015620829165
merge_similarity,0.166,0.20833333333333334,0.01578692142315383
merge_similarity,0.168,0.2109375,0.014084184669781208
merge_similarity,0.17,0.2109375,0.014084184669781208
merge_similarity,0.17200000000000001,0.21744791666666666,0.02004531812283939
merge_similarity,0.17400000000000002,0.21744791666666666,0.02004531812283939
merge_similarity,0.176,0.21875,0.02174907954230477
merge_similarity,0.178,0.21875,0.02174907954230477
merge_similarity,0.18,0.22135416666666666,0.023867581744561668
merge_similarity,0.182,0.22135416666666666,0.023867581744561668
merge_similarity,0.184,0.22786458333333334,0.018460217290049253
merge_similarity,0.186,0.22786458333333334,0.018460217290049253
merge_similarity,0.188,0.22786458333333334,0.018460217290049253
merge_similarity,0.19,0.22786458333333334,0.018460217290049253
merge_similarity,0.192,0.23177083333333334,0.01578692142315383
merge_similarity,0.194,0.23177083333333334,0.01578692142315383
merge_similarity,0.196,0.23567708333333334,0.018042195912175808
merge_similarity,0.198,0.23567708333333334,0.018042195912175808
merge_similarity,0.2,0.23567708333333334,0.018042195912175808
merge_similarity,0.202,0.23567708333333334,0.018042195912175808
merge_similarity,0.20400000000000001,0.23697916666666666,0.019269073680922844
merge_similarity,0.20600000000000002,0.23697916666666666,0.019269073680922844
merge_similarity,0.20800000000000002,0.23958333333333334,0.021513947450336336
merge_similarity,0.21,0.23958333333333334,0.021513947450336336
merge_similarity,0.212,0.24869791666666666,0.019269073680922844
merge_similarity,0.214,0.24869791666666666,0.019269073680922844
merge_similarity,0.216,0.2552083333333333,0.025113673856752488
merge_similarity,0.218,0.2552083333333333,0.025113673856752488
merge_similarity,0.22,0.26953125,0.02376079113397742
merge_similarity,0.222,0.26953125,0.02376079113397742
merge_similarity,0.224,0.2747395833333333,0.014788823817188212
merge_similarity,0.226,0.2747395833333333,0.014788823817188212
merge_similarity,0.228,0.2799479166666667,0.012556836928376242
merge_similarity,0.23,0.2799479166666667,0.012556836928376242
merge_similarity,0.232,0.2838541666666667,0.005966895436140417
merge_similarity,0.234,0.2838541666666667,0.005966895436140417
merge_similarity,0.23600000000000002,0.2916666666666667,0.01578692142315383
merge_similarity,0.23800000000000002,0.2916666666666667,0.01578692142315383
merge_similarity,0.24,0.2942708333333333,0.013718299157360336
merge_similarity,0.242,0.2942708333333333,0.013718299157360336
merge_similarity,0.244,0.2942708333333333,0.013718299157360336
merge_similarity,0.246,0.2942708333333333,0.013718299157360336
merge_similarity,0.248,0.296875,0.015625
merge_similarity,0.25,0.3020833333333333,0.01846021729004925
merge_similarity,0.252,0.3020833333333333,0.01846021729004925
merge_similarity,0.254,0.30859375,0.024394523431243743
merge_similarity,0.256,0.30859375,0.024394523431243743
merge_similarity,0.258,0.3111979166666667,0.02288853623860279
merge_similarity,0.26,0.3111979166666667,0.02288853623860279
merge_similarity,0.262,0.3177083333333333,0.025113673856752484
merge_similarity,0.264,0.3177083333333333,0.025113673856752484
merge_similarity,0.266,0.3268229166666667,0.032759754232836266
merge_similarity,0.268,0.3268229166666667,0.032759754232836266
merge_similarity,0.27,0.3333333333333333,0.038339666313373585
merge_similarity,0.272,0.3333333333333333,0.038339666313373585
merge_similarity,0.274,0.33984375,0.030508787796510367
merge_similarity,0.276,0.33984375,0.030508787796510367
merge_similarity,0.278,0.3450520833333333,0.021513947450336336
merge_similarity,0.28,0.3450520833333333,0.021513947450336336
merge_similarity,0.28200000000000003,0.34765625,0.02376079113397742
merge_similarity,0.28400000000000003,0.34765625,0.02376079113397742
merge_similarity,0.28600000000000003,0.3515625,0.027063293868263706
merge_similarity,0.28800000000000003,0.3515625,0.027063293868263706
merge_similarity,0.29,0.3567708333333333,0.02825850835183686
merge_similarity,0.292,0.3567708333333333,0.02825850835183686
merge_similarity,0.294,0.36328125,0.034053897996411515
merge_similarity,0.296,0.36328125,0.034053897996411515
merge_similarity,0.298,0.3645833333333333,0.03501127515559571
merge_similarity,0.3,0.3645833333333333,0.03501127515559571
merge_similarity,0.302,0.3658854166666667,0.03629520798116238
merge_similarity,0.304,0.3658854166666667,0.03629520798116238
merge_similarity,0.306,0.3697916666666667,0.032759754232836266
merge_similarity,0.308,0.3697916666666667,0.032759754232836266
merge_similarity,0.31,0.3723958333333333,0.03544442080420886
merge_similarity,0.312,0.3723958333333333,0.03544442080420886
merge_similarity,0.314,0.3763020833333333,0.03853814736184569
merge_similarity,0.316,0.3763020833333333,0.03853814736184569
merge_similarity,0.318,0.3776041666666667,0.03989987876574105
merge_similarity,0.32,0.3776041666666667,0.03989987876574105
merge_similarity,0.322,0.3776041666666667,0.03989987876574105
merge_similarity,0.324,0.3776041666666667,0.03989987876574105
merge_similarity,0.326,0.3854166666666667,0.04946203102401713
merge_similarity,0.328,0.3854166666666667,0.04946203102401713
merge_similarity,0.33,0.38671875,0.04736076426946149
merge_similarity,0.332,0.38671875,0.04736076426946149
merge_similarity,0.334,0.38671875,0.04736076426946149
merge_similarity,0.336,0.3880208333333333,0.047735163489123336
merge_similarity,0.338,0.3880208333333333,0.047735163489123336
merge_similarity,0.34,0.3932291666666667,0.050227347713504976
merge_similarity,0.342,0.3932291666666667,0.050227347713504976
merge_similarity,0.34400000000000003,0.3971354166666667,0.054733983221311726
merge_similarity,0.34600000000000003,0.3971354166666667,0.054733983221311726
merge_similarity,0.34800000000000003,0.40234375,0.051674830294230284
merge_similarity,0.35000000000000003,0.40234375,0.051674830294230284
merge_similarity,0.352,0.40234375,0.051674830294230284
merge_similarity,0.354,0.40234375,0.051674830294230284
merge_similarity,0.356,0.4036458333333333,0.05317858816839098
merge_similarity,0.358,0.4036458333333333,0.05317858816839098
merge_similarity,0.36,0.40625,0.04878904686248749
merge_similarity,0.362,0.40625,0.04878904686248749
merge_similarity,0.364,0.4114583333333333,0.05037901594310704
merge_similarity,0.366,0.4114583333333333,0.05037901594310704
merge_similarity,0.368,0.41796875,0.0450490726354328
merge_similarity,0.37,0.41796875,0.0450490726354328
merge_similarity,0.372,0.4205729166666667,0.04355658511374409
merge_similarity,0.374,0.4205729166666667,0.04355658511374409
merge_similarity,0.376,0.4231770833333333,0.039127550003428956
merge_similarity,0.378,0.4231770833333333,0.039127550003428956
merge_similarity,0.38,0.43359375,0.044021201834315016
merge_similarity,0.382,0.43359375,0.044021201834315016
merge_similarity,0.384,0.4361979166666667,0.03951560131638937
merge_similarity,0.386,0.4361979166666667,0.03951560131638937
merge_similarity,0.388,0.4375,0.03726325005534944
merge_similarity,0.39,0.4375,0.03726325005534944
merge_similarity,0.392,0.4440104166666667,0.033222267766075717
merge_similarity,0.394,0.4440104166666667,0.033222267766075717
merge_similarity,0.396,0.4453125,0.034053897996411515
merge_similarity,0.398,0.4453125,0.034053897996411515
merge_similarity,0.4,0.4505208333333333,0.025113673856752484
merge_similarity,0.402,0.4505208333333333,0.025113673856752484
merge_similarity,0.404,0.4544270833333333,0.02825850835183686
merge_similarity,0.406,0.4544270833333333,0.02825850835183686
merge_similarity,0.40800000000000003,0.4596354166666667,0.02658929408419549
merge_similarity,0.41000000000000003,0.4596354166666667,0.02658929408419549
merge_similarity,0.41200000000000003,0.46484375,0.02561499423555469
merge_similarity,0.41400000000000003,0.46484375,0.02561499423555469
merge_similarity,0.41600000000000004,0.46484375,0.02561499423555469
merge_similarity,0.418,0.46875,0.03125
merge_similarity,0.42,0.46875,0.03125
merge_similarity,0.422,0.4713541666666667,0.03133127451957283
merge_similarity,0.424,0.4713541666666667,0.03133127451957283
merge_similarity,0.426,0.4765625,0.03197403426512676
merge_similarity,0.428,0.4765625,0.03197403426512676
merge_similarity,0.43,0.4791666666666667,0.027713276892959327
merge_similarity,0.432,0.4791666666666667,0.027713276892959327
merge_similarity,0.434,0.48046875,0.028168369339562415
merge_similarity,0.436,0.48046875,0.028168369339562415
merge_similarity,0.438,0.484375,0.031004898176538172
merge_similarity,0.44,0.484375,0.031004898176538172
merge_similarity,0.442,0.4869791666666667,0.03412849589083635
merge_similarity,0.444,0.4869791666666667,0.03412849589083635
merge_similarity,0.446,0.4869791666666667,0.03412849589083635
merge_similarity,0.448,0.4869791666666667,0.03412849589083635
merge_similarity,0.45,0.48828125,0.0358013726168425
merge_similarity,0.452,0.48828125,0.0358013726168425
merge_similarity,0.454,0.4934895833333333,0.03252603124165833
merge_similarity,0.456,0.4934895833333333,0.03252603124165833
merge_similarity,0.458,0.4973958333333333,0.026009094212810127
merge_similarity,0.46,0.4973958333333333,0.026009094212810127
merge_similarity,0.462,0.5013020833333334,0.025113673856752484
merge_similarity,0.464,0.5013020833333334,0.025113673856752484
merge_similarity,0.466,0.5052083333333334,0.02480801937924173
merge_similarity,0.468,0.5052083333333334,0.02480801937924173
merge_similarity,0.47000000000000003,0.5078125,0.02029747040119778
merge_similarity,0.47200000000000003,0.5078125,0.02029747040119778
merge_similarity,0.47400000000000003,0.5104166666666666,0.022552744890219755
merge_similarity,0.47600000000000003,0.5104166666666666,0.022552744890219755
merge_similarity,0.47800000000000004,0.51171875,0.02376079113397742
merge_similarity,0.48,0.51171875,0.02376079113397742
merge_similarity,0.482,0.5143229166666666,0.01926907368092284
merge_similarity,0.484,0.5143229166666666,0.01926907368092284
merge_similarity,0.486,0.5221354166666666,0.02004531812283939
merge_similarity,0.488,0.5221354166666666,0.02004531812283939
merge_similarity,0.49,0.5299479166666666,0.026009094212810127
merge_similarity,0.492,0.5299479166666666,0.026009094212810127
merge_similarity,0.494,0.5299479166666666,0.026009094212810127
merge_similarity,0.496,0.5299479166666666,0.026009094212810127
merge_similarity,0.498,0.5299479166666666,0.026009094212810127
merge_similarity,0.5,0.5390625,0.03197403426512676
merge_similarity,0.502,0.5390625,0.03197403426512676
merge_similarity,0.504,0.5442708333333334,0.023545756927116045
merge_similarity,0.506,0.5442708333333334,0.023545756927116045
merge_similarity,0.508,0.5455729166666666,0.023867581744561665
merge_similarity,0.51,0.5455729166666666,0.023867581744561665
merge_similarity,0.512,0.5481770833333334,0.022211877746395808
merge_similarity,0.514,0.5481770833333334,0.022211877746395808
merge_similarity,0.516,0.5494791666666666,0.02288853623860279
merge_similarity,0.518,0.5494791666666666,0.02288853623860279
merge_similarity,0.52,0.5533854166666666,0.02004531812283939
merge_similarity,0.522,0.5533854166666666,0.02004531812283939
merge_similarity,0.524,0.5572916666666666,0.02004531812283939
merge_similarity,0.526,0.5572916666666666,0.02004531812283939
merge_similarity,0.528,0.5638020833333334,0.022211877746395808
merge_similarity,0.53,0.5638020833333334,0.022211877746395808
merge_similarity,0.532,0.56640625,0.020669932117692115
merge_similarity,0.534,0.56640625,0.020669932117692115
merge_similarity,0.536,0.5703125,0.02376079113397742
merge_similarity,0.538,0.5703125,0.02376079113397742
merge_similarity,0.54,0.5716145833333334,0.025113673856752484
merge_similarity,0.542,0.5716145833333334,0.025113673856752484
merge_similarity,0.544,0.58203125,0.01171875
merge_similarity,0.546,0.58203125,0.01171875
merge_similarity,0.548,0.58203125,0.01171875
merge_similarity,0.55,0.58203125,0.01171875
merge_similarity,0.552,0.5859375,0.01790068630842125
merge_similarity,0.554,0.5859375,0.01790068630842125
merge_similarity,0.556,0.5924479166666666,0.021513947450336333
merge_similarity,0.558,0.5924479166666666,0.021513947450336333
merge_similarity,0.56,0.5963541666666666,0.01846021729004925
merge_similarity,0.562,0.5963541666666666,0.01846021729004925
merge_similarity,0.5640000000000001,0.5989583333333334,0.02004531812283939
merge_similarity,0.5660000000000001,0.5989583333333334,0.02004531812283939
merge_similarity,0.5680000000000001,0.6015625,0.02174907954230477
merge_similarity,0.5700000000000001,0.6015625,0.02174907954230477
merge_similarity,0.5720000000000001,0.6028645833333334,0.02004531812283939
merge_similarity,0.5740000000000001,0.6028645833333334,0.02004531812283939
merge_similarity,0.5760000000000001,0.6041666666666666,0.01846021729004925
merge_similarity,0.578,0.6041666666666666,0.01846021729004925
merge_similarity,0.58,0.60546875,0.017026948998205758
merge_similarity,0.582,0.60546875,0.017026948998205758
merge_similarity,0.584,0.60546875,0.017026948998205758
merge_similarity,0.586,0.61328125,0.017026948998205758
merge_similarity,0.588,0.61328125,0.017026948998205758
merge_similarity,0.59,0.6171875,0.01790068630842125
merge_similarity,0.592,0.6171875,0.01790068630842125
merge_similarity,0.594,0.62109375,0.01171875
merge_similarity,0.596,0.62109375,0.01171875
merge_similarity,0.598,0.6223958333333334,0.011933790872280834
merge_similarity,0.6,0.6223958333333334,0.011933790872280834
merge_similarity,0.602,0.6276041666666666,0.009021097956087904
merge_similarity,0.604,0.6276041666666666,0.009021097956087904
merge_similarity,0.606,0.6354166666666666,0.008131507810414582
merge_similarity,0.608,0.6354166666666666,0.008131507810414582
merge_similarity,0.61,0.6354166666666666,0.008131507810414582
merge_similarity,0.612,0.6354166666666666,0.008131507810414582
merge_similarity,0.614,0.6393229166666666,0.011933790872280834
merge_similarity,0.616,0.6393229166666666,0.011933790872280834
merge_similarity,0.618,0.6432291666666666,0.01127637244510988
merge_similarity,0.62,0.6432291666666666,0.01127637244510988
merge_similarity,0.622,0.64453125,0.010334966058846057
merge_similarity,0.624,0.64453125,0.010334966058846057
merge_similarity,0.626,0.6458333333333334,0.012556836928376244
merge_similarity,0.628,0.6458333333333334,0.012556836928376244
merge_similarity,0.63,0.6484375,0.013531646934131853
merge_similarity,0.632,0.6484375,0.013531646934131853
merge_similarity,0.634,0.65234375,0.017026948998205758
merge_similarity,0.636,0.65234375,0.017026948998205758
merge_similarity,0.638,0.65625,0.014084184669781208
merge_similarity,0.64,0.65625,0.014084184669781208
merge_similarity,0.642,0.6666666666666666,0.005966895436140416
merge_similarity,0.644,0.6666666666666666,0.005966895436140416
merge_similarity,0.646,0.6692708333333334,0.009830513587592123
merge_similarity,0.648,0.6692708333333334,0.009830513587592123
merge_similarity,0.65,0.671875,0.01171875
merge_similarity,0.652,0.671875,0.01171875
merge_similarity,0.654,0.6744791666666666,0.013718299157360338
merge_similarity,0.656,0.6744791666666666,0.013718299157360338
merge_similarity,0.658,0.6809895833333334,0.016263015620829165
merge_similarity,0.66,0.6809895833333334,0.016263015620829165
merge_similarity,0.662,0.6809895833333334,0.016263015620829165
merge_similarity,0.664,0.6809895833333334,0.016263015620829165
merge_similarity,0.666,0.6848958333333334,0.02004531812283939
merge_similarity,0.668,0.7005208333333334,0.03275975423283626
merge_similarity,0.67,0.7005208333333334,0.03275975423283626
merge_similarity,0.672,0.7057291666666666,0.028793417171218725
merge_similarity,0.674,0.7057291666666666,0.028793417171218725
merge_similarity,0.676,0.7083333333333334,0.026009094212810127
merge_similarity,0.678,0.7083333333333334,0.026009094212810127
merge_similarity,0.68,0.7161458333333334,0.02004531812283939
merge_similarity,0.682,0.7161458333333334,0.02004531812283939
merge_similarity,0.684,0.7200520833333334,0.02004531812283939
merge_similarity,0.686,0.7200520833333334,0.02004531812283939
merge_similarity,0.6880000000000001,0.72265625,0.01790068630842125
merge_similarity,0.6900000000000001,0.72265625,0.01790068630842125
merge_similarity,0.6920000000000001,0.7265625,0.024394523431243743
merge_similarity,0.6940000000000001,0.7265625,0.024394523431243743
merge_similarity,0.6960000000000001,0.7278645833333334,0.02288853623860279
merge_similarity,0.6980000000000001,0.7278645833333334,0.02288853623860279
merge_similarity,0.7000000000000001,0.7291666666666666,0.025113673856752484
merge_similarity,0.7020000000000001,0.7291666666666666,0.025113673856752484
merge_similarity,0.704,0.7330729166666666,0.021513947450336333
merge_similarity,0.706,0.7330729166666666,0.021513947450336333
merge_similarity,0.708,0.7369791666666666,0.025113673856752484
merge_similarity,0.71,0.7369791666666666,0.025113673856752484
merge_similarity,0.712,0.7421875,0.02561499423555469
merge_similarity,0.714,0.7421875,0.02561499423555469
merge_similarity,0.716,0.74609375,0.02561499423555469
merge_similarity,0.718,0.74609375,0.02561499423555469
merge_similarity,0.72,0.7486979166666666,0.026009094212810127
merge_similarity,0.722,0.7486979166666666,0.026009094212810127
merge_similarity,0.724,0.75,0.02561499423555469
merge_similarity,0.726,0.75,0.02561499423555469
merge_similarity,0.728,0.7526041666666666,0.023545756927116045
merge_similarity,0.73,0.7526041666666666,0.023545756927116045
merge_similarity,0.732,0.7565104166666666,0.022211877746395808
merge_similarity,0.734,0.7565104166666666,0.022211877746395808
merge_similarity,0.736,0.7630208333333334,0.03322226776607571
merge_similarity,0.738,0.7630208333333334,0.03322226776607571
merge_similarity,0.74,0.76953125,0.0333750146301466
merge_similarity,0.742,0.76953125,0.0333750146301466
merge_similarity,0.744,0.7734375,0.03197403426512676
merge_similarity,0.746,0.7734375,0.03197403426512676
merge_similarity,0.748,0.77734375,0.03197403426512676
merge_similarity,0.75,0.7799479166666666,0.03252603124165832
merge_similarity,0.752,0.7799479166666666,0.03252603124165832
merge_similarity,0.754,0.7838541666666666,0.03367843009473324
merge_similarity,0.756,0.7838541666666666,0.03367843009473324
merge_similarity,0.758,0.7903645833333334,0.0369204345800985
merge_similarity,0.76,0.7903645833333334,0.0369204345800985
merge_similarity,0.762,0.7916666666666666,0.036295207981162377
merge_similarity,0.764,0.7916666666666666,0.036295207981162377
merge_similarity,0.766,0.79296875,0.03847210078826603
merge_similarity,0.768,0.79296875,0.03847210078826603
merge_similarity,0.77,0.7994791666666666,0.04140133618641835
merge_similarity,0.772,0.7994791666666666,0.04140133618641835
merge_similarity,0.774,0.8020833333333334,0.039322054350368486
merge_similarity,0.776,0.8020833333333334,0.039322054350368486
merge_similarity,0.778,0.80859375,0.03726325005534944
merge_similarity,0.78,0.80859375,0.03726325005534944
merge_similarity,0.782,0.81640625,0.04115489747208101
merge_similarity,0.784,0.81640625,0.04115489747208101
merge_similarity,0.786,0.8190104166666666,0.037535248191144725
merge_similarity,0.788,0.8190104166666666,0.037535248191144725
merge_similarity,0.79,0.8203125,0.03964410767614148
merge_similarity,0.792,0.8203125,0.03964410767614148
merge_similarity,0.794,0.8203125,0.03964410767614148
merge_similarity,0.796,0.8203125,0.03964410767614148
merge_similarity,0.798,0.8255208333333334,0.0406575390520729
merge_similarity,0.8,0.8255208333333334,0.0406575390520729
merge_similarity,0.802,0.83203125,0.051674830294230284
merge_similarity,0.804,0.83203125,0.051674830294230284
merge_similarity,0.806,0.8385416666666666,0.0561105766312897
merge_similarity,0.808,0.8385416666666666,0.0561105766312897
merge_similarity,0.81,0.8424479166666666,0.05692055467290207
merge_similarity,0.812,0.8424479166666666,0.05692055467290207
merge_similarity,0.8140000000000001,0.84765625,0.05833275204323468
merge_similarity,0.8160000000000001,0.84765625,0.05833275204323468
merge_similarity,0.8180000000000001,0.8489583333333334,0.05758683434243746
merge_similarity,0.8200000000000001,0.8489583333333334,0.05758683434243746
merge_similarity,0.8220000000000001,0.8515625,0.05833275204323468
merge_similarity,0.8240000000000001,0.8515625,0.05833275204323468
merge_similarity,0.8260000000000001,0.8528645833333334,0.05758683434243746
merge_similarity,0.8280000000000001,0.8528645833333334,0.05758683434243746
merge_similarity,0.8300000000000001,0.8541666666666666,0.0561105766312897
merge_similarity,0.8320000000000001,0.8541666666666666,0.0561105766312897
merge_similarity,0.834,0.8606770833333334,0.0509811769543018
merge_similarity,0.836,0.86328125,0.04800080362283011
merge_similarity,0.838,0.86328125,0.04800080362283011
merge_similarity,0.84,0.8645833333333334,0.047253248207354305
merge_similarity,0.842,0.8645833333333334,0.047253248207354305
merge_similarity,0.844,0.8645833333333334,0.047253248207354305
merge_similarity,0.846,0.8645833333333334,0.047253248207354305
merge_similarity,0.848,0.8671875,0.04878904686248749
merge_similarity,0.85,0.8671875,0.04878904686248749
merge_similarity,0.852,0.8736979166666666,0.05317858816839098
merge_similarity,0.854,0.8736979166666666,0.05317858816839098
merge_similarity,0.856,0.875,0.051674830294230284
merge_similarity,0.858,0.875,0.051674830294230284
merge_similarity,0.86,0.87890625,0.0546875
merge_similarity,0.862,0.87890625,0.0546875
merge_similarity,0.864,0.8815104166666666,0.0561105766312897
merge_similarity,0.866,0.8815104166666666,0.0561105766312897
merge_similarity,0.868,0.8854166666666666,0.05317858816839098
merge_similarity,0.87,0.8854166666666666,0.05317858816839098
merge_similarity,0.872,0.8880208333333334,0.0509811769543018
merge_similarity,0.874,0.8880208333333334,0.0509811769543018
merge_similarity,0.876,0.8880208333333334,0.0509811769543018
merge_similarity,0.878,0.8880208333333334,0.0509811769543018
merge_similarity,0.88,0.890625,0.051674830294230284
merge_similarity,0.882,0.890625,0.051674830294230284
merge_similarity,0.884,0.8958333333333334,0.052018188425620254
merge_similarity,0.886,0.8958333333333334,0.052018188425620254
merge_similarity,0.888,0.8971354166666666,0.05157630812588114
merge_similarity,0.89,0.8971354166666666,0.05157630812588114
merge_similarity,0.892,0.8984375,0.05370205892526375
merge_similarity,0.894,0.8984375,0.05370205892526375
merge_similarity,0.896,0.8997395833333334,0.052018188425620254
merge_similarity,0.898,0.8997395833333334,0.052018188425620254
merge_similarity,0.9,0.90234375,0.05122998847110938
merge_similarity,0.902,0.90234375,0.05122998847110938
merge_similarity,0.904,0.90234375,0.05122998847110938
merge_similarity,0.906,0.90234375,0.05122998847110938
merge_similarity,0.908,0.9114583333333334,0.03989987876574105
merge_similarity,0.91,0.9114583333333334,0.03989987876574105
merge_similarity,0.912,0.91796875,0.03726325005534944
merge_similarity,0.914,0.91796875,0.03726325005534944
merge_similarity,0.916,0.9231770833333334,0.030341615098257925
merge_similarity,0.918,0.9270833333333334,0.02658929408419549
merge_similarity,0.92,0.9270833333333334,0.02658929408419549
merge_similarity,0.922,0.93359375,0.028168369339562415
merge_similarity,0.924,0.93359375,0.028168369339562415
merge_similarity,0.926,0.9348958333333334,0.02658929408419549
merge_similarity,0.928,0.9348958333333334,0.02658929408419549
merge_similarity,0.93,0.9388020833333334,0.023867581744561665
merge_similarity,0.932,0.9388020833333334,0.023867581744561665
merge_similarity,0.934,0.94140625,0.02561499423555469
merge_similarity,0.936,0.94140625,0.02561499423555469
merge_similarity,0.9380000000000001,0.9440104166666666,0.027436598314720673
merge_similarity,0.9400000000000001,0.9440104166666666,0.027436598314720673
merge_similarity,0.9420000000000001,0.94921875,0.028168369339562415
merge_similarity,0.9440000000000001,0.94921875,0.028168369339562415
merge_similarity,0.9460000000000001,0.953125,0.02376079113397742
merge_similarity,0.9480000000000001,0.953125,0.02376079113397742
merge_similarity,0.9500000000000001,0.95703125,0.02376079113397742
merge_similarity,0.9520000000000001,0.95703125,0.02376079113397742
merge_similarity,0.9540000000000001,0.9596354166666666,0.022211877746395808
merge_similarity,0.9560000000000001,0.9596354166666666,0.022211877746395808
merge_similarity,0.9580000000000001,0.9609375,0.020669932117692115
merge_similarity,0.96,0.9609375,0.020669932117692115
merge_similarity,0.962,0.96875,0.020669932117692115
merge_similarity,0.964,0.96875,0.020669932117692115
merge_similarity,0.966,0.9739583333333334,0.01578692142315383
merge_similarity,0.968,0.9739583333333334,0.01578692142315383
merge_similarity,0.97,0.9778645833333334,0.012556836928376244
merge_similarity,0.972,0.9778645833333334,0.012556836928376244
merge_similarity,0.974,0.9791666666666666,0.014788823817188212
merge_similarity,0.976,0.9791666666666666,0.014788823817188212
merge_similarity,0.978,0.9817708333333334,0.012556836928376244
merge_similarity,0.98,0.9817708333333334,0.012556836928376244
merge_similarity,0.982,0.9856770833333334,0.012556836928376244
merge_similarity,0.984,0.9856770833333334,0.012556836928376244
merge_similarity,0.986,0.98828125,0.010334966058846057
merge_similarity,0.988,0.98828125,0.010334966058846057
merge_similarity,0.99,0.98828125,0.010334966058846057
merge_similarity,0.992,0.98828125,0.010334966058846057
merge_similarity,0.994,0.99609375,0.0067658234670659265
merge_similarity,0.996,0.99609375,0.0067658234670659265
merge_similarity,0.998,1.0,0.0
merge_similarity,1.0,1.0,0.0
naive_bayes,0.0,0.16927083333333334,0.01761425684696443
naive_bayes,0.002,0.16927083333333334,0.01761425684696443
naive_bayes,0.004,0.16927083333333334,0.01761425684696443
naive_bayes,0.006,0.16927083333333334,0.01761425684696443
naive_bayes,0.008,0.17057291666666666,0.01578692142315383
naive_bayes,0.01,0.17057291666666666,0.01578692142315383
naive_bayes,0.012,0.1796875,0.015625
naive_bayes,0.014,0.1796875,0.015625
naive_bayes,0.016,0.1796875,0.015625
naive_bayes,0.018000000000000002,0.1796875,0.015625
naive_bayes,0.02,0.19010416666666666,0.022888536238602795
naive_bayes,0.022,0.19010416666666666,0.022888536238602795
naive_bayes,0.024,0.19140625,0.02376079113397742
naive_bayes,0.026000000000000002,0.19140625,0.02376079113397742
naive_bayes,0.028,0.19661458333333334,0.022211877746395808
naive_bayes,0.03,0.19661458333333334,0.022211877746395808
naive_bayes,0.032,0.19661458333333334,0.022211877746395808
naive_bayes,0.034,0.19661458333333334,0.022211877746395808
naive_bayes,0.036000000000000004,0.19661458333333334,0.022211877746395808
naive_bayes,0.038,0.19661458333333334,0.022211877746395808
naive_bayes,0.04,0.20052083333333334,0.02600909421281013
naive_bayes,0.042,0.20052083333333334,0.02600909421281013
naive_bayes,0.044,0.20182291666666666,0.02658929408419549
naive_bayes,0.046,0.20182291666666666,0.02658929408419549
naive_bayes,0.048,0.20182291666666666,0.02658929408419549
naive_bayes,0.05,0.20182291666666666,0.02658929408419549
naive_bayes,0.052000000000000005,0.20182291666666666,0.02658929408419549
naive_bayes,0.054,0.20182291666666666,0.02658929408419549
naive_bayes,0.056,0.20182291666666666,0.02658929408419549
naive_bayes,0.058,0.20182291666666666,0.02658929408419549
naive_bayes,0.06,0.20182291666666666,0.02658929408419549
naive_bayes,0.062,0.20182291666666666,0.02658929408419549
naive_bayes,0.064,0.20442708333333334,0.025113673856752488
naive_bayes,0.066,0.20442708333333334,0.025113673856752488
naive_bayes,0.068,0.20572916666666666,0.02658929408419549
naive_bayes,0.07,0.20572916666666666,0.02658929408419549
naive_bayes,0.07200000000000001,0.20703125,0.028168369339562415
naive_bayes,0.074,0.20703125,0.028168369339562415
naive_bayes,0.076,0.20703125,0.028168369339562415
naive_bayes,0.078,0.20703125,0.028168369339562415
naive_bayes,0.08,0.21484375,0.01953125
naive_bayes,0.082,0.21484375,0.01953125
naive_bayes,0.084,0.21614583333333334,0.021513947450336336
naive_bayes,0.08600000000000001,0.21614583333333334,0.021513947450336336
naive_bayes,0.088,0.21614583333333334,0.021513947450336336
naive_bayes,0.09,0.22005208333333334,0.019661027175184247
naive_bayes,0.092,0.22005208333333334,0.019661027175184247
naive_bayes,0.094,0.22135416666666666,0.021513947450336336
naive_bayes,0.096,0.22135416666666666,0.021513947450336336
naive_bayes,0.098,0.2265625,0.01953125
naive_bayes,0.1,0.2265625,0.01953125
naive_bayes,0.10200000000000001,0.2265625,0.01953125
naive_bayes,0.10400000000000001,0.2265625,0.01953125
naive_bayes,0.106,0.2265625,0.01953125
naive_bayes,0.108,0.2265625,0.01953125
naive_bayes,0.11,0.22916666666666666,0.01578692142315383
naive_bayes,0.112,0.22916666666666666,0.01578692142315383
naive_bayes,0.114,0.22916666666666666,0.01578692142315383
naive_bayes,0.116,0.22916666666666666,0.01578692142315383
naive_bayes,0.11800000000000001,0.23046875,0.014084184669781208
naive_bayes,0.12,0.23046875,0.014084184669781208
naive_bayes,0.122,0.23307291666666666,0.013718299157360336
naive_bayes,0.124,0.23307291666666666,0.013718299157360336
naive_bayes,0.126,0.234375,0.014084184669781208
naive_bayes,0.128,0.234375,0.014084184669781208
naive_bayes,0.13,0.23958333333333334,0.011933790872280832
naive_bayes,0.132,0.23958333333333334,0.011933790872280832
naive_bayes,0.134,0.23958333333333334,0.011933790872280832
naive_bayes,0.136,0.23958333333333334,0.011933790872280832
naive_bayes,0.138,0.24348958333333334,0.01761425684696443
naive_bayes,0.14,0.24348958333333334,0.01761425684696443
naive_bayes,0.14200000000000002,0.24739583333333334,0.01761425684696443
naive_bayes,0.14400000000000002,0.24739583333333334,0.01761425684696443
naive_bayes,0.146,0.25,0.015625
naive_bayes,0.148,0.25,0.015625
naive_bayes,0.15,0.2552083333333333,0.019661027175184243
naive_bayes,0.152,0.2552083333333333,0.019661027175184243
naive_bayes,0.154,0.2565104166666667,0.021513947450336336
naive_bayes,0.156,0.2565104166666667,0.021513947450336336
naive_bayes,0.158,0.26171875,0.01953125
naive_bayes,0.16,0.26171875,0.01953125
naive_bayes,0.162,0.2643229166666667,0.02004531812283939
naive_bayes,0.164,0.2643229166666667,0.02004531812283939
naive_bayes,0.166,0.2682291666666667,0.02004531812283939
naive_bayes,0.168,0.2721354166666667,0.025415652729092623
naive_bayes,0.17,0.2721354166666667,0.025415652729092623
naive_bayes,0.17200000000000001,0.2721354166666667,0.025415652729092623
naive_bayes,0.17400000000000002,0.2721354166666667,0.025415652729092623
naive_bayes,0.176,0.2721354166666667,0.025415652729092623
naive_bayes,0.178,0.2721354166666667,0.025415652729092623
naive_bayes,0.18,0.2721354166666667,0.025415652729092623
naive_bayes,0.182,0.2721354166666667,0.025415652729092623
naive_bayes,0.184,0.27734375,0.0234375
naive_bayes,0.186,0.27734375,0.0234375
naive_bayes,0.188,0.28515625,0.015625
naive_bayes,0.19,0.28515625,0.015625
naive_bayes,0.192,0.29296875,0.02029747040119778
naive_bayes,0.194,0.29296875,0.02029747040119778
naive_bayes,0.196,0.296875,0.020669932117692115
naive_bayes,0.198,0.296875,0.020669932117692115
naive_bayes,0.2,0.2994791666666667,0.01926907368092284
naive_bayes,0.202,0.2994791666666667,0.01926907368092284
naive_bayes,0.20400000000000001,0.30078125,0.02029747040119778
naive_bayes,0.20600000000000002,0.30078125,0.02029747040119778
naive_bayes,0.20800000000000002,0.3072916666666667,0.026009094212810127
naive_bayes,0.21,0.3072916666666667,0.026009094212810127
naive_bayes,0.212,0.3138020833333333,0.025113673856752484
naive_bayes,0.214,0.3138020833333333,0.025113673856752484
naive_bayes,0.216,0.31640625,0.027063293868263706
naive_bayes,0.218,0.31640625,0.027063293868263706
naive_bayes,0.22,0.3190104166666667,0.022552744890219755
naive_bayes,0.222,0.3190104166666667,0.022552744890219755
naive_bayes,0.224,0.3229166666666667,0.02658929408419549
naive_bayes,0.226,0.3229166666666667,0.02658929408419549
naive_bayes,0.228,0.328125,0.03197403426512676
naive_bayes,0.23,0.328125,0.03197403426512676
naive_bayes,0.232,0.3307291666666667,0.03544442080420886
naive_bayes,0.234,0.3307291666666667,0.03544442080420886
naive_bayes,0.23600000000000002,0.3307291666666667,0.03544442080420886
naive_bayes,0.23800000000000002,0.3307291666666667,0.03544442080420886
naive_bayes,0.24,0.3372395833333333,0.025415652729092623
naive_bayes,0.242,0.3372395833333333,0.025415652729092623
naive_bayes,0.244,0.3372395833333333,0.025415652729092623
naive_bayes,0.246,0.3372395833333333,0.025415652729092623
naive_bayes,0.248,0.3372395833333333,0.025415652729092623
naive_bayes,0.25,0.3372395833333333,0.025415652729092623
naive_bayes,0.252,0.3372395833333333,0.025415652729092623
naive_bayes,0.254,0.3385416666666667,0.023545756927116048
naive_bayes,0.256,0.3385416666666667,0.023545756927116048
naive_bayes,0.258,0.3385416666666667,0.023545756927116048
naive_bayes,0.26,0.3385416666666667,0.023545756927116048
naive_bayes,0.262,0.34375,0.029491540762776366
naive_bayes,0.264,0.34375,0.029491540762776366
naive_bayes,0.266,0.3515625,0.03726325005534944
naive_bayes,0.268,0.3515625,0.03726325005534944
naive_bayes,0.27,0.3541666666666667,0.03522851369392886
naive_bayes,0.272,0.3541666666666667,0.03522851369392886
naive_bayes,0.274,0.3541666666666667,0.03522851369392886
naive_bayes,0.276,0.3541666666666667,0.03522851369392886
naive_bayes,0.278,0.3580729166666667,0.033222267766075717
naive_bayes,0.28,0.3580729166666667,0.033222267766075717
naive_bayes,0.28200000000000003,0.3658854166666667,0.03544442080420886
naive_bayes,0.28400000000000003,0.3658854166666667,0.03544442080420886
naive_bayes,0.28600000000000003,0.3697916666666667,0.041031123064033156
naive_bayes,0.28800000000000003,0.3697916666666667,0.041031123064033156
naive_bayes,0.29,0.37109375,0.04296875
naive_bayes,0.292,0.37109375,0.04296875
naive_bayes,0.294,0.3763020833333333,0.039127550003428956
naive_bayes,0.296,0.3763020833333333,0.039127550003428956
naive_bayes,0.298,0.3880208333333333,0.025415652729092623
naive_bayes,0.3,0.3880208333333333,0.025415652729092623
naive_bayes,0.302,0.390625,0.029491540762776366
naive_bayes,0.304,0.390625,0.029491540762776366
naive_bayes,0.306,0.3919270833333333,0.029318568357285683
naive_bayes,0.308,0.3919270833333333,0.029318568357285683
naive_bayes,0.31,0.3932291666666667,0.027436598314720676
naive_bayes,0.312,0.3932291666666667,0.027436598314720676
naive_bayes,0.314,0.3984375,0.020669932117692115
naive_bayes,0.316,0.3984375,0.020669932117692115
naive_bayes,0.318,0.3984375,0.020669932117692115
naive_bayes,0.32,0.3984375,0.020669932117692115
naive_bayes,0.322,0.4075520833333333,0.012556836928376242
naive_bayes,0.324,0.4075520833333333,0.012556836928376242
naive_bayes,0.326,0.4088541666666667,0.011933790872280832
naive_bayes,0.328,0.4088541666666667,0.011933790872280832
naive_bayes,0.33,0.4140625,0.01790068630842125
naive_bayes,0.332,0.4140625,0.01790068630842125
naive_bayes,0.334,0.421875,0.024394523431243743
naive_bayes,0.336,0.4283854166666667,0.021513947450336336
naive_bayes,0.338,0.4283854166666667,0.021513947450336336
naive_bayes,0.34,0.43359375,0.01790068630842125
naive_bayes,0.342,0.43359375,0.01790068630842125
naive_bayes,0.34400000000000003,0.4375,0.024394523431243743
naive_bayes,0.34600000000000003,0.4375,0.024394523431243743
naive_bayes,0.34800000000000003,0.44140625,0.02561499423555469
naive_bayes,0.35000000000000003,0.44140625,0.02561499423555469
naive_bayes,0.352,0.4466145833333333,0.023867581744561665
naive_bayes,0.354,0.4466145833333333,0.023867581744561665
naive_bayes,0.356,0.4466145833333333,0.023867581744561665
naive_bayes,0.358,0.4466145833333333,0.023867581744561665
naive_bayes,0.36,0.44921875,0.020669932117692115
naive_bayes,0.362,0.44921875,0.020669932117692115
naive_bayes,0.364,0.453125,0.01790068630842125
naive_bayes,0.366,0.453125,0.01790068630842125
naive_bayes,0.368,0.4544270833333333,0.01626301562082916
naive_bayes,0.37,0.4544270833333333,0.01626301562082916
naive_bayes,0.372,0.4544270833333333,0.01626301562082916
naive_bayes,0.374,0.4544270833333333,0.01626301562082916
naive_bayes,0.376,0.4544270833333333,0.01626301562082916
naive_bayes,0.378,0.4544270833333333,0.01626301562082916
naive_bayes,0.38,0.45703125,0.01790068630842125
naive_bayes,0.382,0.45703125,0.01790068630842125
naive_bayes,0.384,0.4596354166666667,0.022211877746395808
naive_bayes,0.386,0.4596354166666667,0.022211877746395808
naive_bayes,0.388,0.4661458333333333,0.02288853623860279
naive_bayes,0.39,0.4661458333333333,0.02288853623860279
naive_bayes,0.392,0.4661458333333333,0.02288853623860279
naive_bayes,0.394,0.4661458333333333,0.02288853623860279
naive_bayes,0.396,0.4674479166666667,0.025113673856752484
naive_bayes,0.398,0.4674479166666667,0.025113673856752484
naive_bayes,0.4,0.4674479166666667,0.025113673856752484
naive_bayes,0.402,0.4674479166666667,0.025113673856752484
naive_bayes,0.404,0.4791666666666667,0.03501127515559571
naive_bayes,0.406,0.4791666666666667,0.03501127515559571
naive_bayes,0.40800000000000003,0.4830729166666667,0.03544442080420886
naive_bayes,0.41000000000000003,0.4830729166666667,0.03544442080420886
naive_bayes,0.41200000000000003,0.484375,0.034053897996411515
naive_bayes,0.41400000000000003,0.484375,0.034053897996411515
naive_bayes,0.41600000000000004,0.484375,0.034053897996411515
naive_bayes,0.418,0.4869791666666667,0.0318145617783089
naive_bayes,0.42,0.4869791666666667,0.0318145617783089
naive_bayes,0.422,0.4921875,0.034053897996411515
naive_bayes,0.424,0.4921875,0.034053897996411515
naive_bayes,0.426,0.4921875,0.034053897996411515
naive_bayes,0.428,0.4921875,0.034053897996411515
naive_bayes,0.43,0.4921875,0.034053897996411515
naive_bayes,0.432,0.4921875,0.034053897996411515
naive_bayes,0.434,0.4947916666666667,0.03501127515559571
naive_bayes,0.436,0.4947916666666667,0.03501127515559571
naive_bayes,0.438,0.5143229166666666,0.031814561778308895
naive_bayes,0.44,0.5143229166666666,0.031814561778308895
naive_bayes,0.442,0.5182291666666666,0.028793417171218725
naive_bayes,0.444,0.5182291666666666,0.028793417171218725
naive_bayes,0.446,0.5208333333333334,0.027713276892959327
naive_bayes,0.448,0.5208333333333334,0.027713276892959327
naive_bayes,0.45,0.5208333333333334,0.027713276892959327
naive_bayes,0.452,0.5208333333333334,0.027713276892959327
naive_bayes,0.454,0.5221354166666666,0.029834477180702083
naive_bayes,0.456,0.5221354166666666,0.029834477180702083
naive_bayes,0.458,0.5247395833333334,0.027713276892959327
naive_bayes,0.46,0.5247395833333334,0.027713276892959327
naive_bayes,0.462,0.5364583333333334,0.02004531812283939
naive_bayes,0.464,0.5364583333333334,0.02004531812283939
naive_bayes,0.466,0.5403645833333334,0.01926907368092284
naive_bayes,0.468,0.5403645833333334,0.01926907368092284
naive_bayes,0.47000000000000003,0.54296875,0.02376079113397742
naive_bayes,0.47200000000000003,0.54296875,0.02376079113397742
naive_bayes,0.47400000000000003,0.5481770833333334,0.01926907368092284
naive_bayes,0.47600000000000003,0.5481770833333334,0.01926907368092284
naive_bayes,0.47800000000000004,0.5520833333333334,0.022552744890219755
naive_bayes,0.48,0.5520833333333334,0.022552744890219755
naive_bayes,0.482,0.5520833333333334,0.022552744890219755
naive_bayes,0.484,0.5520833333333334,0.022552744890219755
naive_bayes,0.486,0.5546875,0.02029747040119778
naive_bayes,0.488,0.5546875,0.02029747040119778
naive_bayes,0.49,0.5546875,0.02029747040119778
naive_bayes,0.492,0.5546875,0.02029747040119778
naive_bayes,0.494,0.55859375,0.020669932117692115
naive_bayes,0.496,0.55859375,0.020669932117692115
naive_bayes,0.498,0.5611979166666666,0.018042195912175808
naive_bayes,0.5,0.5651041666666666,0.014788823817188212
naive_bayes,0.502,0.5651041666666666,0.014788823817188212
naive_bayes,0.504,0.5716145833333334,0.01926907368092284
naive_bayes,0.506,0.5716145833333334,0.01926907368092284
naive_bayes,0.508,0.5768229166666666,0.028258508351836853
naive_bayes,0.51,0.5768229166666666,0.028258508351836853
naive_bayes,0.512,0.5794270833333334,0.026009094212810127
naive_bayes,0.514,0.5794270833333334,0.026009094212810127
naive_bayes,0.516,0.58203125,0.02734375
naive_bayes,0.518,0.58203125,0.02734375
naive_bayes,0.52,0.58984375,0.02376079113397742
naive_bayes,0.522,0.58984375,0.02376079113397742
naive_bayes,0.524,0.58984375,0.02376079113397742
naive_bayes,0.526,0.58984375,0.02376079113397742
naive_bayes,0.528,0.6041666666666666,0.029834477180702083
naive_bayes,0.53,0.6041666666666666,0.029834477180702083
naive_bayes,0.532,0.6276041666666666,0.022211877746395808
naive_bayes,0.534,0.6276041666666666,0.022211877746395808
naive_bayes,0.536,0.6328125,0.01790068630842125
naive_bayes,0.538,0.6328125,0.01790068630842125
naive_bayes,0.54,0.6380208333333334,0.021513947450336333
naive_bayes,0.542,0.6380208333333334,0.021513947450336333
naive_bayes,0.544,0.6510416666666666,0.01926907368092284
naive_bayes,0.546,0.6510416666666666,0.01926907368092284
naive_bayes,0.548,0.6536458333333334,0.021513947450336336
naive_bayes,0.55,0.6536458333333334,0.021513947450336336
naive_bayes,0.552,0.6536458333333334,0.021513947450336336
naive_bayes,0.554,0.6536458333333334,0.021513947450336336
naive_bayes,0.556,0.65625,0.020669932117692115
naive_bayes,0.558,0.65625,0.020669932117692115
naive_bayes,0.56,0.6666666666666666,0.013718299157360338
naive_bayes,0.562,0.6666666666666666,0.013718299157360338
naive_bayes,0.5640000000000001,0.67578125,0.014084184669781208
naive_bayes,0.5660000000000001,0.67578125,0.014084184669781208
naive_bayes,0.5680000000000001,0.67578125,0.014084184669781208
naive_bayes,0.5700000000000001,0.67578125,0.014084184669781208
naive_bayes,0.5720000000000001,0.6770833333333334,0.016263015620829165
naive_bayes,0.5740000000000001,0.6770833333333334,0.016263015620829165
naive_bayes,0.5760000000000001,0.6770833333333334,0.016263015620829165
naive_bayes,0.578,0.6770833333333334,0.016263015620829165
naive_bayes,0.58,0.6770833333333334,0.016263015620829165
naive_bayes,0.582,0.6770833333333334,0.016263015620829165
naive_bayes,0.584,0.6770833333333334,0.016263015620829165
naive_bayes,0.586,0.6809895833333334,0.013718299157360338
naive_bayes,0.588,0.6809895833333334,0.013718299157360338
naive_bayes,0.59,0.68359375,0.01171875
naive_bayes,0.592,0.68359375,0.01171875
naive_bayes,0.594,0.6848958333333334,0.009830513587592123
naive_bayes,0.596,0.6848958333333334,0.009830513587592123
naive_bayes,0.598,0.6848958333333334,0.009830513587592123
naive_bayes,0.6,0.6848958333333334,0.009830513587592123
naive_bayes,0.602,0.6875,0.0067658234670659265
naive_bayes,0.604,0.6875,0.0067658234670659265
naive_bayes,0.606,0.69140625,0.0067658234670659265
naive_bayes,0.608,0.69140625,0.0067658234670659265
naive_bayes,0.61,0.6940104166666666,0.01127637244510988
naive_bayes,0.612,0.6940104166666666,0.01127637244510988
naive_bayes,0.614,0.69921875,0.017026948998205758
naive_bayes,0.616,0.69921875,0.017026948998205758
naive_bayes,0.618,0.7057291666666666,0.019661027175184243
naive_bayes,0.62,0.7057291666666666,0.019661027175184243
naive_bayes,0.622,0.7109375,0.01953125
naive_bayes,0.624,0.7109375,0.01953125
naive_bayes,0.626,0.7109375,0.01953125
naive_bayes,0.628,0.7109375,0.01953125
naive_bayes,0.63,0.7122395833333334,0.021513947450336333
naive_bayes,0.632,0.7122395833333334,0.021513947450336333
naive_bayes,0.634,0.7135416666666666,0.019661027175184243
naive_bayes,0.636,0.7135416666666666,0.019661027175184243
naive_bayes,0.638,0.7200520833333334,0.021513947450336333
naive_bayes,0.64,0.7200520833333334,0.021513947450336333
naive_bayes,0.642,0.7200520833333334,0.021513947450336333
naive_bayes,0.644,0.7200520833333334,0.021513947450336333
naive_bayes,0.646,0.72265625,0.020669932117692115
naive_bayes,0.648,0.72265625,0.020669932117692115
naive_bayes,0.65,0.72265625,0.020669932117692115
naive_bayes,0.652,0.72265625,0.020669932117692115
naive_bayes,0.654,0.7278645833333334,0.026009094212810127
naive_bayes,0.656,0.7278645833333334,0.026009094212810127
naive_bayes,0.658,0.73046875,0.029491540762776366
naive_bayes,0.66,0.73046875,0.029491540762776366
naive_bayes,0.662,0.73046875,0.029491540762776366
naive_bayes,0.664,0.73046875,0.029491540762776366
naive_bayes,0.666,0.73046875,0.029491540762776366
naive_bayes,0.668,0.734375,0.03125
naive_bayes,0.67,0.734375,0.03125
naive_bayes,0.672,0.734375,0.03125
naive_bayes,0.674,0.734375,0.03125
naive_bayes,0.676,0.73828125,0.03726325005534944
naive_bayes,0.678,0.73828125,0.03726325005534944
naive_bayes,0.68,0.7421875,0.03726325005534944
naive_bayes,0.682,0.7421875,0.03726325005534944
naive_bayes,0.684,0.7473958333333334,0.04009063624567878
naive_bayes,0.686,0.7473958333333334,0.04009063624567878
naive_bayes,0.6880000000000001,0.7513020833333334,0.043905508593977516
naive_bayes,0.6900000000000001,0.7513020833333334,0.043905508593977516
naive_bayes,0.6920000000000001,0.7526041666666666,0.04561010387535676
naive_bayes,0.6940000000000001,0.7526041666666666,0.04561010387535676
naive_bayes,0.6960000000000001,0.7565104166666666,0.044423755492791615
naive_bayes,0.6980000000000001,0.7565104166666666,0.044423755492791615
naive_bayes,0.7000000000000001,0.7578125,0.04225255400934363
naive_bayes,0.7020000000000001,0.7578125,0.04225255400934363
naive_bayes,0.704,0.765625,0.0450490726354328
naive_bayes,0.706,0.765625,0.0450490726354328
naive_bayes,0.708,0.7682291666666666,0.04103112306403315
naive_bayes,0.71,0.7682291666666666,0.04103112306403315
naive_bayes,0.712,0.76953125,0.0390625
naive_bayes,0.714,0.76953125,0.0390625
naive_bayes,0.716,0.7708333333333334,0.039127550003428956
naive_bayes,0.718,0.7708333333333334,0.039127550003428956
naive_bayes,0.72,0.77734375,0.04133986423538423
naive_bayes,0.722,0.77734375,0.04133986423538423
naive_bayes,0.724,0.77734375,0.04133986423538423
naive_bayes,0.726,0.77734375,0.04133986423538423
naive_bayes,0.728,0.7864583333333334,0.047735163489123336
naive_bayes,0.73,0.7864583333333334,0.047735163489123336
naive_bayes,0.732,0.7903645833333334,0.05037901594310704
naive_bayes,0.734,0.7903645833333334,0.05037901594310704
naive_bayes,0.736,0.7955729166666666,0.0482122619311813
naive_bayes,0.738,0.7955729166666666,0.0482122619311813
naive_bayes,0.74,0.8033854166666666,0.04725324820735431
naive_bayes,0.742,0.8033854166666666,0.04725324820735431
naive_bayes,0.744,0.8046875,0.0450490726354328
naive_bayes,0.746,0.8046875,0.0450490726354328
naive_bayes,0.748,0.8059895833333334,0.04285021529141753
naive_bayes,0.75,0.8059895833333334,0.04285021529141753
naive_bayes,0.752,0.8059895833333334,0.04285021529141753
naive_bayes,0.754,0.8072916666666666,0.0406575390520729
naive_bayes,0.756,0.8072916666666666,0.0406575390520729
naive_bayes,0.758,0.81640625,0.04987166146407697
naive_bayes,0.76,0.81640625,0.04987166146407697
naive_bayes,0.762,0.8190104166666666,0.05098117695430181
naive_bayes,0.764,0.8190104166666666,0.05098117695430181
naive_bayes,0.766,0.82421875,0.051674830294230284
naive_bayes,0.768,0.82421875,0.051674830294230284
naive_bayes,0.77,0.8268229166666666,0.05389115126712208
naive_bayes,0.772,0.8268229166666666,0.05389115126712208
naive_bayes,0.774,0.8268229166666666,0.05389115126712208
naive_bayes,0.776,0.8268229166666666,0.05389115126712208
naive_bayes,0.778,0.8268229166666666,0.05389115126712208
naive_bayes,0.78,0.8268229166666666,0.05389115126712208
naive_bayes,0.782,0.8294270833333334,0.05317858816839098
naive_bayes,0.784,0.8294270833333334,0.05317858816839098
naive_bayes,0.786,0.8307291666666666,0.05098117695430181
naive_bayes,0.788,0.8307291666666666,0.05098117695430181
naive_bayes,0.79,0.8346354166666666,0.0482122619311813
naive_bayes,0.792,0.8346354166666666,0.0482122619311813
naive_bayes,0.794,0.8372395833333334,0.043905508593977516
naive_bayes,0.796,0.8372395833333334,0.043905508593977516
naive_bayes,0.798,0.8424479166666666,0.0406575390520729
naive_bayes,0.8,0.8424479166666666,0.0406575390520729
naive_bayes,0.802,0.8424479166666666,0.0406575390520729
naive_bayes,0.804,0.8424479166666666,0.0406575390520729
naive_bayes,0.806,0.8450520833333334,0.04285021529141753
naive_bayes,0.808,0.8450520833333334,0.04285021529141753
naive_bayes,0.81,0.8515625,0.03767051078512873
naive_bayes,0.812,0.8515625,0.03767051078512873
naive_bayes,0.8140000000000001,0.8619791666666666,0.02658929408419549
naive_bayes,0.8160000000000001,0.8619791666666666,0.02658929408419549
naive_bayes,0.8180000000000001,0.8658854166666666,0.029577647634376425
naive_bayes,0.8200000000000001,0.8658854166666666,0.029577647634376425
naive_bayes,0.8220000000000001,0.8671875,0.031004898176538172
naive_bayes,0.8240000000000001,0.8671875,0.031004898176538172
naive_bayes,0.8260000000000001,0.8697916666666666,0.034128495890836344
naive_bayes,0.8280000000000001,0.8697916666666666,0.034128495890836344
naive_bayes,0.8300000000000001,0.8697916666666666,0.034128495890836344
naive_bayes,0.8320000000000001,0.8697916666666666,0.034128495890836344
naive_bayes,0.834,0.87109375,0.03197403426512676
naive_bayes,0.836,0.8763020833333334,0.027436598314720673
naive_bayes,0.838,0.8763020833333334,0.027436598314720673
naive_bayes,0.84,0.8776041666666666,0.025415652729092623
naive_bayes,0.842,0.8776041666666666,0.025415652729092623
naive_bayes,0.844,0.87890625,0.0234375
naive_bayes,0.846,0.87890625,0.0234375
naive_bayes,0.848,0.87890625,0.0234375
naive_bayes,0.85,0.87890625,0.0234375
naive_bayes,0.852,0.8815104166666666,0.027436598314720673
naive_bayes,0.854,0.8815104166666666,0.027436598314720673
naive_bayes,0.856,0.8841145833333334,0.025415652729092623
naive_bayes,0.858,0.8841145833333334,0.025415652729092623
naive_bayes,0.86,0.8854166666666666,0.025415652729092623
naive_bayes,0.862,0.8854166666666666,0.025415652729092623
naive_bayes,0.864,0.8880208333333334,0.025415652729092623
naive_bayes,0.866,0.8880208333333334,0.025415652729092623
naive_bayes,0.868,0.8919270833333334,0.02004531812283939
naive_bayes,0.87,0.8919270833333334,0.02004531812283939
naive_bayes,0.872,0.89453125,0.01953125
naive_bayes,0.874,0.89453125,0.01953125
naive_bayes,0.876,0.8971354166666666,0.01761425684696443
naive_bayes,0.878,0.8971354166666666,0.01761425684696443
naive_bayes,0.88,0.8984375,0.01953125
naive_bayes,0.882,0.8984375,0.01953125
naive_bayes,0.884,0.9010416666666666,0.02004531812283939
naive_bayes,0.886,0.9010416666666666,0.02004531812283939
naive_bayes,0.888,0.9049479166666666,0.02004531812283939
naive_bayes,0.89,0.9049479166666666,0.02004531812283939
naive_bayes,0.892,0.91015625,0.01953125
naive_bayes,0.894,0.91015625,0.01953125
naive_bayes,0.896,0.9140625,0.01953125
naive_bayes,0.898,0.9140625,0.01953125
naive_bayes,0.9,0.9166666666666666,0.02004531812283939
naive_bayes,0.902,0.9166666666666666,0.02004531812283939
naive_bayes,0.904,0.92578125,0.0078125
naive_bayes,0.906,0.92578125,0.0078125
naive_bayes,0.908,0.9270833333333334,0.008131507810414582
naive_bayes,0.91,0.9270833333333334,0.008131507810414582
naive_bayes,0.912,0.9296875,0.00390625
naive_bayes,0.914,0.9296875,0.00390625
naive_bayes,0.916,0.9309895833333334,0.004510548978043951
naive_bayes,0.918,0.93359375,0.00390625
naive_bayes,0.92,0.93359375,0.00390625
naive_bayes,0.922,0.9348958333333334,0.004510548978043951
naive_bayes,0.924,0.9348958333333334,0.004510548978043951
naive_bayes,0.926,0.9348958333333334,0.004510548978043951
naive_bayes,0.928,0.9348958333333334,0.004510548978043951
naive_bayes,0.93,0.9375,0.0067658234670659265
naive_bayes,0.932,0.9375,0.0067658234670659265
naive_bayes,0.934,0.94140625,0.00390625
naive_bayes,0.936,0.94140625,0.00390625
naive_bayes,0.9380000000000001,0.9466145833333334,0.004510548978043951
naive_bayes,0.9400000000000001,0.9466145833333334,0.004510548978043951
naive_bayes,0.9420000000000001,0.94921875,0.0067658234670659265
naive_bayes,0.9440000000000001,0.94921875,0.0067658234670659265
naive_bayes,0.9460000000000001,0.9596354166666666,0.002255274489021976
naive_bayes,0.9480000000000001,0.9596354166666666,0.002255274489021976
naive_bayes,0.9500000000000001,0.9700520833333334,0.005966895436140416
naive_bayes,0.9520000000000001,0.9700520833333334,0.005966895436140416
naive_bayes,0.9540000000000001,0.9713541666666666,0.004510548978043951
naive_bayes,0.9560000000000001,0.9713541666666666,0.004510548978043951
naive_bayes,0.9580000000000001,0.9778645833333334,0.008131507810414582
naive_bayes,0.96,0.9778645833333334,0.008131507810414582
naive_bayes,0.962,0.9817708333333334,0.005966895436140416
naive_bayes,0.964,0.9817708333333334,0.005966895436140416
naive_bayes,0.966,0.9817708333333334,0.005966895436140416
naive_bayes,0.968,0.9817708333333334,0.005966895436140416
naive_bayes,0.97,0.984375,0.00390625
naive_bayes,0.972,0.984375,0.00390625
naive_bayes,0.974,0.9856770833333334,0.004510548978043951
naive_bayes,0.976,0.9856770833333334,0.004510548978043951
naive_bayes,0.978,0.98828125,0.00390625
naive_bayes,0.98,0.98828125,0.00390625
naive_bayes,0.982,0.9908854166666666,0.002255274489021976
naive_bayes,0.984,0.9908854166666666,0.002255274489021976
naive_bayes,0.986,0.9934895833333334,0.002255274489021976
naive_bayes,0.988,0.9934895833333334,0.002255274489021976
naive_bayes,0.99,0.99609375,0.0
naive_bayes,0.992,0.99609375,0.0
naive_bayes,0.994,0.9986979166666666,0.002255274489021976
naive_bayes,0.996,0.9986979166666666,0.002255274489021976
naive_bayes,0.998,0.9986979166666666,0.002255274489021976
naive_bayes,1.0,1.0,0.0
